,precision,recall,f1-score,support
0,0.8111111111111111,0.5289855072463768,0.6403508771929826,276.0
1,0.23976608187134502,0.5466666666666666,0.3333333333333333,75.0
accuracy,0.5327635327635327,0.5327635327635327,0.5327635327635327,0.5327635327635327
macro avg,0.525438596491228,0.5378260869565217,0.48684210526315796,351.0
weighted avg,0.6890288399060329,0.5327635327635327,0.5747488379067327,351.0
