,precision,recall,f1-score,support
0,0.448559670781893,0.7569444444444444,0.5633074935400517,144.0
1,0.6759259259259259,0.3526570048309179,0.46349206349206357,207.0
accuracy,0.5185185185185185,0.5185185185185185,0.5185185185185185,0.5185185185185185
macro avg,0.5622427983539094,0.5548007246376812,0.5133997785160577,351.0
weighted avg,0.5826474622770919,0.5185185185185185,0.504441983511751,351.0
