,precision,recall,f1-score,support
0,0.5384615384615384,0.6805555555555556,0.6012269938650305,144.0
1,0.727810650887574,0.5942028985507246,0.6542553191489363,207.0
accuracy,0.6296296296296297,0.6296296296296297,0.6296296296296297,0.6296296296296297
macro avg,0.6331360946745562,0.6373792270531401,0.6277411565069835,351.0
weighted avg,0.6501289637384312,0.6296296296296297,0.6325001087760518,351.0
