,precision,recall,f1-score,support
0,0.3979591836734694,0.5416666666666666,0.4588235294117647,144.0
1,0.5741935483870968,0.42995169082125606,0.4917127071823204,207.0
accuracy,0.4757834757834758,0.4757834757834758,0.4757834757834758,0.4757834757834758
macro avg,0.4860763660302831,0.48580917874396135,0.4752681182970425,351.0
weighted avg,0.501892270555865,0.4757834757834758,0.4782197111738873,351.0
