,precision,recall,f1-score,support
0,0.8596491228070176,0.4117647058823529,0.5568181818181818,119.0
1,0.20454545454545456,0.6923076923076923,0.3157894736842105,26.0
accuracy,0.46206896551724136,0.46206896551724136,0.46206896551724136,0.46206896551724136
macro avg,0.5320972886762361,0.5520361990950227,0.43630382775119614,145.0
weighted avg,0.7421822581532199,0.46206896551724136,0.5135992410493317,145.0
