,precision,recall,f1-score,support
0,0.8476190476190476,0.322463768115942,0.46719160104986873,276.0
1,0.23983739837398374,0.7866666666666666,0.367601246105919,75.0
accuracy,0.42165242165242167,0.42165242165242167,0.42165242165242167,0.42165242165242167
macro avg,0.5437282229965157,0.5545652173913043,0.41739642357789386,351.0
weighted avg,0.7177511738487349,0.42165242165242167,0.4459116106772299,351.0
