,precision,recall,f1-score,support
0,0.8238341968911918,0.5760869565217391,0.678038379530917,276.0
1,0.25949367088607594,0.5466666666666666,0.35193133047210295,75.0
accuracy,0.5698005698005698,0.5698005698005698,0.5698005698005698,0.5698005698005698
macro avg,0.5416639338886339,0.5613768115942028,0.5149848550015099,351.0
weighted avg,0.703248614411466,0.5698005698005698,0.6083573861422814,351.0
