,precision,recall,f1-score,support
0,0.8181818181818182,0.5950413223140496,0.6889952153110048,121.0
1,0.14035087719298245,0.3333333333333333,0.19753086419753085,24.0
accuracy,0.5517241379310345,0.5517241379310345,0.5517241379310345,0.5517241379310345
macro avg,0.47926634768740034,0.46418732782369143,0.44326303975426784,145.0
weighted avg,0.705989110707804,0.5517241379310345,0.6076493916784298,145.0
