,precision,recall,f1-score,support
0,0.7029702970297029,0.6147186147186147,0.6558891454965357,231.0
1,0.40268456375838924,0.5,0.44609665427509293,120.0
accuracy,0.5754985754985755,0.5754985754985755,0.5754985754985755,0.5754985754985755
macro avg,0.5528274303940461,0.5573593073593073,0.5509928998858142,351.0
weighted avg,0.600308507877117,0.5754985754985755,0.5841652168738202,351.0
