,precision,recall,f1-score,support
0,0.5454545454545454,0.6,0.5714285714285713,80.0
1,0.627906976744186,0.574468085106383,0.6,94.0
accuracy,0.5862068965517241,0.5862068965517241,0.5862068965517241,0.5862068965517241
macro avg,0.5866807610993657,0.5872340425531914,0.5857142857142856,174.0
weighted avg,0.589997812932857,0.5862068965517241,0.5868637110016419,174.0
