,precision,recall,f1-score,support
0,0.6608695652173913,0.658008658008658,0.6594360086767895,231.0
1,0.34710743801652894,0.35,0.34854771784232363,120.0
accuracy,0.5527065527065527,0.5527065527065527,0.5527065527065527,0.5527065527065527
macro avg,0.5039885016169601,0.504004329004329,0.5039918632595566,351.0
weighted avg,0.5536004619008571,0.5527065527065527,0.5531494135197071,351.0
