,precision,recall,f1-score,support
0,0.34782608695652173,0.6153846153846154,0.4444444444444444,52.0
1,0.6226415094339622,0.3548387096774194,0.452054794520548,93.0
accuracy,0.4482758620689655,0.4482758620689655,0.4482758620689655,0.4482758620689655
macro avg,0.485233798195242,0.4851116625310174,0.4482496194824962,145.0
weighted avg,0.5240870130972249,0.4482758620689655,0.44932556552773845,145.0
