,precision,recall,f1-score,support
0,0.8211382113821138,0.3506944444444444,0.49148418491484186,288.0
1,0.17982456140350878,0.6507936507936508,0.281786941580756,63.0
accuracy,0.4045584045584046,0.4045584045584046,0.4045584045584046,0.4045584045584046
macro avg,0.5004813863928113,0.5007440476190477,0.3866355632477989,351.0
weighted avg,0.7060306331808257,0.4045584045584046,0.45384621816257004,351.0
