,precision,recall,f1-score,support
0,0.8592964824120602,0.59375,0.702258726899384,288.0
1,0.23026315789473684,0.5555555555555556,0.3255813953488372,63.0
accuracy,0.5868945868945868,0.5868945868945868,0.5868945868945868,0.5868945868945868
macro avg,0.5447798201533985,0.5746527777777778,0.5139200611241106,351.0
weighted avg,0.7463930651910022,0.5868945868945868,0.6346499750826191,351.0
