,precision,recall,f1-score,support
0,0.4117647058823529,0.5384615384615384,0.4666666666666667,52.0
1,0.6883116883116883,0.5698924731182796,0.623529411764706,93.0
accuracy,0.5586206896551724,0.5586206896551724,0.5586206896551724,0.5586206896551724
macro avg,0.5500381970970206,0.554177005789909,0.5450980392156863,145.0
weighted avg,0.5891362187508231,0.5586206896551724,0.5672751859364437,145.0
