,precision,recall,f1-score,support
0,0.9340659340659341,0.5414012738853503,0.685483870967742,157.0
1,0.13253012048192772,0.6470588235294118,0.22000000000000003,17.0
accuracy,0.5517241379310345,0.5517241379310345,0.5517241379310345,0.5517241379310345
macro avg,0.5332980272739309,0.594230048707381,0.452741935483871,174.0
weighted avg,0.8557549637732438,0.5517241379310345,0.6400055617352614,174.0
