,precision,recall,f1-score,support
0,0.8409090909090909,0.13405797101449277,0.23125,276.0
1,0.22149837133550487,0.9066666666666666,0.35602094240837695,75.0
accuracy,0.29914529914529914,0.29914529914529914,0.29914529914529914,0.29914529914529914
macro avg,0.5312037311222979,0.5203623188405797,0.2936354712041885,351.0
weighted avg,0.708556373051487,0.29914529914529914,0.2579104577795678,351.0
