,precision,recall,f1-score,support
0,0.5157894736842106,0.6125,0.56,80.0
1,0.6075949367088608,0.5106382978723404,0.5549132947976879,94.0
accuracy,0.5574712643678161,0.5574712643678161,0.5574712643678161,0.5574712643678161
macro avg,0.5616922051965356,0.5615691489361703,0.557456647398844,174.0
weighted avg,0.5653855284216652,0.5574712643678161,0.5572520098332338,174.0
