,precision,recall,f1-score,support
0,0.48863636363636365,0.5375,0.5119047619047619,80.0
1,0.5697674418604651,0.5212765957446809,0.5444444444444444,94.0
accuracy,0.5287356321839081,0.5287356321839081,0.5287356321839081,0.5287356321839081
macro avg,0.5292019027484144,0.5293882978723404,0.5281746031746031,174.0
weighted avg,0.5324657966999587,0.5287356321839081,0.5294836708629811,174.0
