,precision,recall,f1-score,support
0,0.5294117647058824,0.5454545454545454,0.5373134328358209,66.0
1,0.6103896103896104,0.5949367088607594,0.6025641025641025,79.0
accuracy,0.5724137931034483,0.5724137931034483,0.5724137931034483,0.5724137931034483
macro avg,0.5699006875477464,0.5701956271576525,0.5699387676999617,145.0
weighted avg,0.5735307289059826,0.5724137931034483,0.5728637977222639,145.0
