,precision,recall,f1-score,support
0,0.4875,0.5909090909090909,0.5342465753424658,66.0
1,0.5846153846153846,0.4810126582278481,0.5277777777777778,79.0
accuracy,0.5310344827586206,0.5310344827586206,0.5310344827586206,0.5310344827586206
macro avg,0.5360576923076923,0.5359608745684695,0.5310121765601218,145.0
weighted avg,0.5404111405835543,0.5310344827586206,0.5307221959796358,145.0
