,precision,recall,f1-score,support
0,0.8426966292134831,0.5172413793103449,0.6410256410256411,145.0
1,0.17647058823529413,0.5172413793103449,0.2631578947368421,29.0
accuracy,0.5172413793103449,0.5172413793103449,0.5172413793103449,0.5172413793103449
macro avg,0.5095836087243886,0.5172413793103449,0.4520917678812416,174.0
weighted avg,0.7316589557171183,0.5172413793103449,0.5780476833108412,174.0
