,precision,recall,f1-score,support
0,0.8556701030927835,0.5724137931034483,0.6859504132231404,145.0
1,0.19480519480519481,0.5172413793103449,0.2830188679245283,29.0
accuracy,0.5632183908045977,0.5632183908045977,0.5632183908045977,0.5632183908045977
macro avg,0.5252376489489892,0.5448275862068965,0.48448464057383434,174.0
weighted avg,0.7455259517115187,0.5632183908045977,0.6187951556733717,174.0
