,precision,recall,f1-score,support
0,0.7089201877934272,0.6536796536796536,0.6801801801801801,231.0
1,0.42028985507246375,0.48333333333333334,0.44961240310077516,120.0
accuracy,0.5954415954415955,0.5954415954415955,0.5954415954415955,0.5954415954415955
macro avg,0.5646050214329454,0.5685064935064935,0.5648962916404776,351.0
weighted avg,0.6102431509657474,0.5954415954415955,0.6013535897256828,351.0
