,precision,recall,f1-score,support
0,0.9323671497584541,0.5993788819875776,0.729678638941399,322.0
1,0.10416666666666667,0.5172413793103449,0.17341040462427748,29.0
accuracy,0.5925925925925926,0.5925925925925926,0.5925925925925926,0.5925925925925926
macro avg,0.5182669082125604,0.5583101306489613,0.4515445217828382,351.0
weighted avg,0.8639403292181069,0.5925925925925926,0.6837191551944003,351.0
