,precision,recall,f1-score,support
0,0.8648648648648649,0.43243243243243246,0.5765765765765767,148.0
1,0.16,0.6153846153846154,0.253968253968254,26.0
accuracy,0.45977011494252873,0.45977011494252873,0.45977011494252873,0.45977011494252873
macro avg,0.5124324324324324,0.5239085239085239,0.4152724152724153,174.0
weighted avg,0.7595402298850574,0.45977011494252873,0.5283707352672871,174.0
