,precision,recall,f1-score,support
0,0.865979381443299,0.5675675675675675,0.6857142857142857,148.0
1,0.16883116883116883,0.5,0.2524271844660194,26.0
accuracy,0.5574712643678161,0.5574712643678161,0.5574712643678161,0.5574712643678161
macro avg,0.5174052751372339,0.5337837837837838,0.46907073509015257,174.0
weighted avg,0.7618078094437853,0.5574712643678161,0.6209702361024757,174.0
