,precision,recall,f1-score,support
0,0.861878453038674,0.5454545454545454,0.6680942184154176,286.0
1,0.23529411764705882,0.6153846153846154,0.3404255319148936,65.0
accuracy,0.5584045584045584,0.5584045584045584,0.5584045584045584,0.5584045584045584
macro avg,0.5485862853428665,0.5804195804195804,0.5042598751651556,351.0
weighted avg,0.7458443168550416,0.5584045584045584,0.6074148320264317,351.0
