,precision,recall,f1-score,support
0,0.85625,0.479020979020979,0.6143497757847534,286.0
1,0.2198952879581152,0.6461538461538462,0.328125,65.0
accuracy,0.50997150997151,0.50997150997151,0.50997150997151,0.50997150997151
macro avg,0.5380726439790575,0.5625874125874126,0.4712373878923767,351.0
weighted avg,0.7384065348070583,0.50997150997151,0.5613451876764657,351.0
