,precision,recall,f1-score,support
0,0.8260869565217391,0.6386554621848739,0.7203791469194312,119.0
1,0.18867924528301888,0.38461538461538464,0.25316455696202533,26.0
accuracy,0.593103448275862,0.593103448275862,0.593103448275862,0.593103448275862
macro avg,0.507383100902379,0.5116354234001292,0.48677185194072825,145.0
weighted avg,0.7117931600237617,0.593103448275862,0.6366027376856894,145.0
