,precision,recall,f1-score,support
0,0.7087912087912088,0.5584415584415584,0.6246973365617433,231.0
1,0.39644970414201186,0.5583333333333333,0.4636678200692042,120.0
accuracy,0.5584045584045584,0.5584045584045584,0.5584045584045584,0.5584045584045584
macro avg,0.5526204564666104,0.5583874458874458,0.5441825783154738,351.0
weighted avg,0.6020077883983209,0.5584045584045584,0.5696445104104478,351.0
