,precision,recall,f1-score,support
0,0.9210526315789473,0.32608695652173914,0.481651376146789,322.0
1,0.08438818565400844,0.6896551724137931,0.15037593984962405,29.0
accuracy,0.3561253561253561,0.3561253561253561,0.3561253561253561,0.3561253561253561
macro avg,0.5027204086164779,0.5078710644677662,0.3160136579982065,351.0
weighted avg,0.8519265092660606,0.3561253561253561,0.45428104095414573,351.0
