,precision,recall,f1-score,support
0,0.45901639344262296,0.7777777777777778,0.5773195876288659,144.0
1,0.7009345794392523,0.36231884057971014,0.4777070063694267,207.0
accuracy,0.5327635327635327,0.5327635327635327,0.5327635327635327,0.5327635327635327
macro avg,0.5799754864409377,0.5700483091787439,0.5275132969991463,351.0
weighted avg,0.6016860928765325,0.5327635327635327,0.5185737063732991,351.0
