,precision,recall,f1-score,support
0,0.9210526315789473,0.6521739130434783,0.7636363636363637,322.0
1,0.08943089430894309,0.3793103448275862,0.14473684210526316,29.0
accuracy,0.6296296296296297,0.6296296296296297,0.6296296296296297,0.6296296296296297
macro avg,0.5052417629439452,0.5157421289355322,0.4541866028708134,351.0
weighted avg,0.8523431433144741,0.6296296296296297,0.7125022151337941,351.0
