,precision,recall,f1-score,support
0,0.5406976744186046,0.6458333333333334,0.5886075949367088,144.0
1,0.7150837988826816,0.6183574879227053,0.6632124352331606,207.0
accuracy,0.6296296296296297,0.6296296296296297,0.6296296296296297,0.6296296296296297
macro avg,0.6278907366506431,0.6320954106280193,0.6259100150849347,351.0
weighted avg,0.6435407734615217,0.6296296296296297,0.6326053212653855,351.0
