,precision,recall,f1-score,support
0,0.8469387755102041,0.5608108108108109,0.6747967479674797,148.0
1,0.14473684210526316,0.4230769230769231,0.21568627450980396,26.0
accuracy,0.5402298850574713,0.5402298850574713,0.5402298850574713,0.5402298850574713
macro avg,0.49583780880773365,0.49194386694386694,0.4452415112386418,174.0
weighted avg,0.742012049829006,0.5402298850574713,0.6061940335427696,174.0
