,precision,recall,f1-score,support
0,0.8591549295774648,0.5041322314049587,0.6354166666666665,121.0
1,0.1891891891891892,0.5833333333333334,0.28571428571428575,24.0
accuracy,0.5172413793103449,0.5172413793103449,0.5172413793103449,0.5172413793103449
macro avg,0.524172059383327,0.543732782369146,0.46056547619047616,145.0
weighted avg,0.7482640484097501,0.5172413793103449,0.5775348932676517,145.0
