,precision,recall,f1-score,support
0,0.5633802816901409,0.24242424242424243,0.33898305084745767,165.0
1,0.5535714285714286,0.8333333333333334,0.6652360515021459,186.0
accuracy,0.5555555555555556,0.5555555555555556,0.5555555555555556,0.5555555555555556
macro avg,0.5584758551307847,0.5378787878787878,0.5021095511748018,351.0
weighted avg,0.5581824279007378,0.5555555555555556,0.5118692563225916,351.0
