frame,AU01_r,AU02_r,AU04_r,AU05_r,AU06_r,AU07_r,AU09_r,AU10_r,AU12_r,AU14_r,AU15_r,AU17_r,AU20_r,AU23_r,AU25_r,AU26_r,AU45_r,AU01_c,AU02_c,AU04_c,AU05_c,AU06_c,AU07_c,AU09_c,AU10_c,AU12_c,AU14_c,AU15_c,AU17_c,AU20_c,AU23_c,AU25_c,AU26_c,AU28_c,AU45_c
81,0.0,0.0,0.0,0.0,0.0,0.53,0.0,1.44,1.63,1.08,0.31,1.54,0.0,0.11,0.19,0.2,0.11,0.0,0.0,0.0,1.0,0.0,1.0,0.0,0.0,1.0,1.0,0.0,1.0,0.0,0.0,0.0,0.0,0.0,0.0
83,0.0,0.0,1.15,0.49,0.0,0.22,0.09,1.33,1.04,1.79,0.24,0.97,0.0,0.17,1.09,1.29,0.1,0.0,0.0,0.0,1.0,0.0,1.0,0.0,0.0,1.0,0.0,0.0,0.0,0.0,0.0,0.0,0.0,0.0,0.0
96,0.0,0.0,0.25,0.0,0.11,0.6,1.82,0.04,0.61,0.0,4.03,0.96,0.14,1.57,0.2,4.05,0.0,0.0,0.0,1.0,0.0,0.0,1.0,0.0,0.0,1.0,0.0,1.0,1.0,0.0,1.0,0.0,0.0,1.0,0.0
97,0.0,0.0,0.12,0.0,0.23,0.78,1.82,0.34,0.93,0.0,3.43,1.13,0.45,1.33,0.0,3.23,0.0,0.0,0.0,1.0,0.0,0.0,1.0,0.0,0.0,1.0,0.0,1.0,1.0,0.0,1.0,0.0,0.0,1.0,0.0
98,0.0,0.0,0.06,0.0,0.42,1.06,1.7,0.55,1.13,0.0,3.05,1.18,0.77,1.17,0.15,2.77,0.0,0.0,0.0,1.0,0.0,0.0,1.0,1.0,0.0,1.0,0.0,1.0,1.0,0.0,1.0,0.0,0.0,0.0,0.0
99,0.0,0.0,0.0,0.0,0.56,1.14,1.71,0.76,1.19,0.0,2.91,1.01,1.08,0.81,0.16,2.57,0.0,0.0,0.0,1.0,0.0,0.0,1.0,1.0,0.0,1.0,0.0,1.0,1.0,0.0,1.0,0.0,0.0,0.0,0.0
100,0.0,0.0,0.0,0.0,0.7150000000000001,1.185,1.755,0.8200000000000001,1.27,0.0,2.705,1.23,1.68,0.67,0.4349999999999999,2.36,0.075,0.0,0.0,0.0,0.0,0.0,1.0,1.0,1.0,1.0,0.0,1.0,1.0,0.0,1.0,0.0,0.0,0.0,0.0
101,0.0,0.0,0.0,0.0,0.87,1.23,1.8,0.88,1.35,0.0,2.5,1.45,2.28,0.53,0.71,2.15,0.15,0.0,0.0,0.0,0.0,0.0,1.0,1.0,1.0,1.0,0.0,1.0,1.0,0.0,0.0,0.0,0.0,0.0,0.0
