frame,AU01_r,AU02_r,AU04_r,AU05_r,AU06_r,AU07_r,AU09_r,AU10_r,AU12_r,AU14_r,AU15_r,AU17_r,AU20_r,AU23_r,AU25_r,AU26_r,AU45_r,AU01_c,AU02_c,AU04_c,AU05_c,AU06_c,AU07_c,AU09_c,AU10_c,AU12_c,AU14_c,AU15_c,AU17_c,AU20_c,AU23_c,AU25_c,AU26_c,AU28_c,AU45_c
277,0.0,0.0,0.1054545454545454,0.0,0.1009090909090909,1.1,0.6772727272727272,0.1163636363636363,0.0,0.0,0.0618181818181818,0.1345454545454545,0.0327272727272727,0.0,1.4154545454545455,1.558181818181818,1.7254545454545454,0.0,0.0,1.0,0.0,0.0,0.0,1.0,0.0,0.0,0.0,0.0,0.0,0.0,0.0,0.0,0.0,0.0,0.0
278,0.0,0.0,0.079090909090909,0.0,0.1081818181818181,1.1,0.7154545454545453,0.0872727272727272,0.0,0.0,0.0463636363636363,0.1009090909090908,0.0245454545454545,0.0,1.3990909090909092,1.4436363636363638,1.499090909090909,0.0,0.0,1.0,1.0,0.0,0.0,1.0,0.0,0.0,0.0,0.0,0.0,0.0,0.0,0.0,0.0,0.0,0.0
279,0.0,0.0,0.0527272727272727,0.0,0.1154545454545454,1.1,0.7536363636363637,0.0581818181818181,0.0,0.0,0.0309090909090909,0.0672727272727272,0.0163636363636363,0.0,1.3827272727272728,1.329090909090909,1.2727272727272725,0.0,0.0,0.0,1.0,0.0,1.0,1.0,0.0,0.0,0.0,0.0,0.0,0.0,0.0,0.0,0.0,0.0,1.0
