frame,AU01_r,AU02_r,AU04_r,AU05_r,AU06_r,AU07_r,AU09_r,AU10_r,AU12_r,AU14_r,AU15_r,AU17_r,AU20_r,AU23_r,AU25_r,AU26_r,AU45_r,AU01_c,AU02_c,AU04_c,AU05_c,AU06_c,AU07_c,AU09_c,AU10_c,AU12_c,AU14_c,AU15_c,AU17_c,AU20_c,AU23_c,AU25_c,AU26_c,AU28_c,AU45_c
76,1.163333333333333,0.51,0.6479166666666665,0.0354166666666666,1.8966666666666665,2.654583333333333,0.0466666666666666,3.617083333333333,1.930416666666667,2.930833333333333,0.39,0.22625,0.02125,0.0204166666666666,0.4375,0.4287499999999999,0.4041666666666667,1.0,1.0,0.0,0.0,1.0,1.0,0.0,1.0,0.0,1.0,0.0,1.0,0.0,1.0,0.0,0.0,0.0,1.0
77,1.23,0.54,0.5724999999999998,0.0375,1.84,2.5925,0.0399999999999999,3.5875000000000004,1.8975,2.985,0.41,0.2225,0.0225,0.0175,0.375,0.3674999999999999,0.415,1.0,1.0,0.0,0.0,1.0,1.0,0.0,1.0,0.0,1.0,0.0,1.0,0.0,1.0,0.0,0.0,0.0,1.0
