frame,AU01_r,AU02_r,AU04_r,AU05_r,AU06_r,AU07_r,AU09_r,AU10_r,AU12_r,AU14_r,AU15_r,AU17_r,AU20_r,AU23_r,AU25_r,AU26_r,AU45_r,AU01_c,AU02_c,AU04_c,AU05_c,AU06_c,AU07_c,AU09_c,AU10_c,AU12_c,AU14_c,AU15_c,AU17_c,AU20_c,AU23_c,AU25_c,AU26_c,AU28_c,AU45_c
32,0.0,0.0,0.51,0.0,0.51,1.29,0.0,1.0,1.32,0.7,0.0,1.01,0.99,0.16,0.56,0.7,0.24,0.0,1.0,1.0,1.0,0.0,1.0,0.0,1.0,1.0,0.0,0.0,1.0,0.0,0.0,1.0,1.0,0.0,0.0
60,0.64625,0.4025,0.00125,0.0,0.2875,0.55375,0.0,0.2675,1.3825,0.4175,0.00625,0.34625,0.06875,0.0,0.77125,0.2725,0.41125,1.0,1.0,0.0,1.0,0.0,0.0,0.0,0.0,1.0,0.0,0.0,1.0,0.0,0.0,1.0,0.0,0.0,0.0
61,0.7325,0.345,0.0025,0.0,0.325,0.6575,0.0,0.455,1.305,0.395,0.0125,0.4725,0.0675,0.0,0.8325,0.385,0.3725,0.0,1.0,0.0,0.0,0.0,0.0,0.0,0.0,1.0,0.0,0.0,1.0,0.0,0.0,0.0,0.0,0.0,0.0
