,precision,recall,f1-score,support
0,0.34328358208955223,0.4423076923076923,0.3865546218487395,52.0
1,0.6282051282051282,0.5268817204301075,0.5730994152046783,93.0
accuracy,0.496551724137931,0.496551724137931,0.496551724137931,0.496551724137931
macro avg,0.4857443551473402,0.4845947063688999,0.47982701852670895,145.0
weighted avg,0.5260263668395424,0.496551724137931,0.5062005927597899,145.0
