,precision,recall,f1-score,support
0,0.6625,0.4588744588744589,0.5421994884910486,231.0
1,0.34554973821989526,0.55,0.42443729903536975,120.0
accuracy,0.49002849002849,0.49002849002849,0.49002849002849,0.49002849002849
macro avg,0.5040248691099476,0.5044372294372295,0.4833183937632092,351.0
weighted avg,0.554140936143554,0.49002849002849,0.5019389108993635,351.0
