,precision,recall,f1-score,support
0,0.38372093023255816,0.4583333333333333,0.41772151898734183,72.0
1,0.5568181818181818,0.4803921568627451,0.5157894736842105,102.0
accuracy,0.47126436781609193,0.47126436781609193,0.47126436781609193,0.47126436781609193
macro avg,0.47026955602536996,0.4693627450980392,0.4667554963357762,174.0
weighted avg,0.48519173288619954,0.47126436781609193,0.4752096303613682,174.0
