,precision,recall,f1-score,support
0,0.4186046511627907,0.5,0.45569620253164556,72.0
1,0.5909090909090909,0.5098039215686274,0.5473684210526317,102.0
accuracy,0.5057471264367817,0.5057471264367817,0.5057471264367817,0.5057471264367817
macro avg,0.5047568710359408,0.5049019607843137,0.5015323117921386,174.0
weighted avg,0.5196107020485529,0.5057471264367817,0.5094350892508444,174.0
