,precision,recall,f1-score,support
0,0.8292682926829268,0.5112781954887218,0.6325581395348836,133.0
1,0.29347826086956524,0.6585365853658537,0.40601503759398494,41.0
accuracy,0.5459770114942529,0.5459770114942529,0.5459770114942529,0.5459770114942529
macro avg,0.561373276776246,0.5849073904272877,0.5192865885644342,174.0
weighted avg,0.703018917370583,0.5459770114942529,0.5791772936752466,174.0
