,precision,recall,f1-score,support
0,0.8210526315789474,0.527027027027027,0.6419753086419752,148.0
1,0.11392405063291139,0.34615384615384615,0.17142857142857143,26.0
accuracy,0.5,0.5,0.5,0.5
macro avg,0.4674883411059294,0.43659043659043656,0.40670194003527327,174.0
weighted avg,0.7153897401732179,0.49999999999999994,0.5716637272192827,174.0
