,precision,recall,f1-score,support
0,0.5111111111111111,0.6388888888888888,0.5679012345679012,144.0
1,0.695906432748538,0.5748792270531401,0.6296296296296297,207.0
accuracy,0.6011396011396012,0.6011396011396012,0.6011396011396012,0.6011396011396012
macro avg,0.6035087719298246,0.6068840579710144,0.5987654320987654,351.0
weighted avg,0.6200929674613885,0.6011396011396012,0.6043051598607154,351.0
