,precision,recall,f1-score,support
0,0.874439461883408,0.6770833333333334,0.7632093933463797,288.0
1,0.2734375,0.5555555555555556,0.3664921465968587,63.0
accuracy,0.6552706552706553,0.6552706552706553,0.6552706552706553,0.6552706552706553
macro avg,0.5739384809417041,0.6163194444444444,0.5648507699716192,351.0
weighted avg,0.7665673148786938,0.6552706552706553,0.6920037336733887,351.0
