,precision,recall,f1-score,support
0,0.5147058823529411,0.5303030303030303,0.5223880597014925,66.0
1,0.5974025974025974,0.5822784810126582,0.5897435897435898,79.0
accuracy,0.5586206896551724,0.5586206896551724,0.5586206896551724,0.5586206896551724
macro avg,0.5560542398777693,0.5562907556578442,0.5560658247225412,145.0
weighted avg,0.5597613340006848,0.5586206896551724,0.5590852105520144,145.0
