,precision,recall,f1-score,support
0,0.4628099173553719,0.7777777777777778,0.5803108808290155,72.0
1,0.6981132075471698,0.3627450980392157,0.4774193548387097,102.0
accuracy,0.5344827586206896,0.5344827586206896,0.5344827586206896,0.5344827586206896
macro avg,0.5804615624512708,0.5702614379084967,0.5288651178338626,174.0
weighted avg,0.6007463288471155,0.5344827586206896,0.5199951586967673,174.0
