,precision,recall,f1-score,support
0,0.4315068493150685,0.875,0.5779816513761468,72.0
1,0.6785714285714286,0.18627450980392157,0.29230769230769227,102.0
accuracy,0.47126436781609193,0.47126436781609193,0.47126436781609193,0.47126436781609193
macro avg,0.5550391389432485,0.5306372549019608,0.4351446718419195,174.0
weighted avg,0.5763378095687969,0.47126436781609193,0.4105176064049838,174.0
