,precision,recall,f1-score,support
0,0.8271604938271605,0.5037593984962406,0.6261682242990655,133.0
1,0.2903225806451613,0.6585365853658537,0.40298507462686567,41.0
accuracy,0.5402298850574713,0.5402298850574713,0.5402298850574713,0.5402298850574713
macro avg,0.5587415372361609,0.5811479919310472,0.5145766494629656,174.0
weighted avg,0.7006642039394481,0.5402298850574713,0.5735790913303287,174.0
