,precision,recall,f1-score,support
0,0.7771739130434783,0.5181159420289855,0.6217391304347826,276.0
1,0.20359281437125748,0.4533333333333333,0.28099173553719003,75.0
accuracy,0.5042735042735043,0.5042735042735043,0.5042735042735043,0.5042735042735043
macro avg,0.4903833637073679,0.48572463768115937,0.4513654329859863,351.0
weighted avg,0.6546138492246276,0.5042735042735043,0.5489298580207671,351.0
