,precision,recall,f1-score,support
0,0.78125,0.5434782608695652,0.641025641025641,276.0
1,0.20754716981132076,0.44,0.28205128205128205,75.0
accuracy,0.5213675213675214,0.5213675213675214,0.5213675213675214,0.5213675213675214
macro avg,0.49439858490566035,0.49173913043478257,0.4615384615384615,351.0
weighted avg,0.6586639251733591,0.5213675213675214,0.564321718167872,351.0
