,precision,recall,f1-score,support
0,0.8412698412698413,0.44537815126050423,0.5824175824175825,119.0
1,0.1951219512195122,0.6153846153846154,0.29629629629629634,26.0
accuracy,0.47586206896551725,0.47586206896551725,0.47586206896551725,0.47586206896551725
macro avg,0.5181958962446768,0.5303813833225598,0.4393569393569394,145.0
weighted avg,0.7254088402952995,0.47586206896551725,0.5311130759406621,145.0
