,precision,recall,f1-score,support
0,0.8275862068965517,0.6050420168067226,0.6990291262135923,119.0
1,0.1896551724137931,0.4230769230769231,0.2619047619047619,26.0
accuracy,0.5724137931034483,0.5724137931034483,0.5724137931034483,0.5724137931034483
macro avg,0.5086206896551724,0.5140594699418228,0.4804669440591771,145.0
weighted avg,0.7131985731272295,0.5724137931034483,0.6206482057168365,145.0
