,precision,recall,f1-score,support
0,0.8421052631578947,0.1103448275862069,0.1951219512195122,145.0
1,0.16774193548387098,0.896551724137931,0.28260869565217395,29.0
accuracy,0.2413793103448276,0.2413793103448276,0.2413793103448276,0.2413793103448276
macro avg,0.5049235993208828,0.503448275862069,0.23886532343584307,174.0
weighted avg,0.7297113752122241,0.2413793103448276,0.2097030752916225,174.0
