,precision,recall,f1-score,support
0,0.8586956521739131,0.5448275862068965,0.6666666666666666,145.0
1,0.1951219512195122,0.5517241379310345,0.28828828828828834,29.0
accuracy,0.5459770114942529,0.5459770114942529,0.5459770114942529,0.5459770114942529
macro avg,0.5269088016967126,0.5482758620689655,0.4774774774774775,174.0
weighted avg,0.7481000353481796,0.5459770114942529,0.6036036036036035,174.0
