,precision,recall,f1-score,support
0,0.9411764705882353,0.4472049689440994,0.6063157894736843,322.0
1,0.10101010101010101,0.6896551724137931,0.1762114537444934,29.0
accuracy,0.4672364672364672,0.4672364672364672,0.4672364672364672,0.4672364672364672
macro avg,0.5210932857991681,0.5684300706789462,0.39126362160908884,351.0
weighted avg,0.8717610155518654,0.4672364672364672,0.570780103615717,351.0
