,precision,recall,f1-score,support
0,0.9230769230769231,0.4472049689440994,0.602510460251046,322.0
1,0.08717948717948718,0.5862068965517241,0.15178571428571427,29.0
accuracy,0.4586894586894587,0.4586894586894587,0.4586894586894587,0.4586894586894587
macro avg,0.5051282051282051,0.5167059327479118,0.37714808726838017,351.0
weighted avg,0.8540141719628899,0.4586894586894587,0.565271093775278,351.0
