,precision,recall,f1-score,support
0,0.837037037037037,0.3951048951048951,0.5368171021377672,286.0
1,0.19907407407407407,0.6615384615384615,0.30604982206405695,65.0
accuracy,0.4444444444444444,0.4444444444444444,0.4444444444444444,0.4444444444444444
macro avg,0.5180555555555555,0.5283216783216783,0.4214334621009121,351.0
weighted avg,0.7188957475994513,0.4444444444444444,0.4940824206426357,351.0
