,precision,recall,f1-score,support
0,0.6176470588235294,0.6363636363636364,0.6268656716417911,165.0
1,0.6685082872928176,0.6505376344086021,0.6594005449591281,186.0
accuracy,0.6438746438746439,0.6438746438746439,0.6438746438746439,0.6438746438746439
macro avg,0.6430776730581735,0.6434506353861192,0.6431331083004597,351.0
weighted avg,0.6445991627987078,0.6438746438746439,0.6441063737415766,351.0
