,precision,recall,f1-score,support
0,0.8051282051282052,0.5451388888888888,0.650103519668737,288.0
1,0.16025641025641027,0.3968253968253968,0.228310502283105,63.0
accuracy,0.5185185185185185,0.5185185185185185,0.5185185185185185,0.5185185185185185
macro avg,0.4826923076923077,0.4709821428571428,0.439207010975921,351.0
weighted avg,0.6893819855358316,0.5185185185185185,0.5743970806508031,351.0
