,precision,recall,f1-score,support
0,0.38666666666666666,0.4393939393939394,0.41134751773049644,66.0
1,0.4714285714285714,0.4177215189873418,0.44295302013422816,79.0
accuracy,0.42758620689655175,0.42758620689655175,0.42758620689655175,0.42758620689655175
macro avg,0.429047619047619,0.4285577291906406,0.4271502689323623,145.0
weighted avg,0.43284729064039407,0.42758620689655175,0.4285670673159778,145.0
