,precision,recall,f1-score,support
0,0.4605263157894737,0.5303030303030303,0.4929577464788732,66.0
1,0.5507246376811594,0.4810126582278481,0.5135135135135135,79.0
accuracy,0.503448275862069,0.503448275862069,0.503448275862069,0.503448275862069
macro avg,0.5056254767353165,0.5056578442654391,0.5032356299961933,145.0
weighted avg,0.5096688497856334,0.503448275862069,0.5041570954149875,145.0
