,precision,recall,f1-score,support
0,0.6157894736842106,0.7090909090909091,0.6591549295774648,165.0
1,0.7018633540372671,0.6075268817204301,0.6512968299711815,186.0
accuracy,0.6552706552706553,0.6552706552706553,0.6552706552706553,0.6552706552706553
macro avg,0.6588264138607388,0.6583088954056696,0.6552258797743231,351.0
weighted avg,0.66140127352942,0.6552706552706553,0.6549908084185797,351.0
