,precision,recall,f1-score,support
0,0.5113636363636364,0.625,0.5625,144.0
1,0.6914285714285714,0.5845410628019324,0.6335078534031414,207.0
accuracy,0.6011396011396012,0.6011396011396012,0.6011396011396012,0.6011396011396012
macro avg,0.6013961038961039,0.6047705314009661,0.5980039267015707,351.0
weighted avg,0.6175557775557776,0.6011396011396012,0.6043764263659552,351.0
