,precision,recall,f1-score,support
0,0.6213592233009708,0.8,0.6994535519125683,80.0
1,0.7746478873239436,0.5851063829787234,0.6666666666666667,94.0
accuracy,0.6839080459770115,0.6839080459770115,0.6839080459770115,0.6839080459770115
macro avg,0.6980035553124573,0.6925531914893617,0.6830601092896176,174.0
weighted avg,0.7041703406467148,0.6839080459770115,0.6817410966647823,174.0
