,precision,recall,f1-score,support
0,0.8345864661654135,0.3881118881118881,0.5298329355608593,286.0
1,0.19724770642201836,0.6615384615384615,0.303886925795053,65.0
accuracy,0.43874643874643876,0.43874643874643876,0.43874643874643876,0.43874643874643876
macro avg,0.5159170862937159,0.5248251748251749,0.4168599306779561,351.0
weighted avg,0.7165607699166366,0.43874643874643876,0.4879910819005248,351.0
