,precision,recall,f1-score,support
0,0.9207920792079208,0.5923566878980892,0.7209302325581395,157.0
1,0.1232876712328767,0.5294117647058824,0.2,17.0
accuracy,0.5862068965517241,0.5862068965517241,0.5862068965517241,0.5862068965517241
macro avg,0.5220398752203987,0.5608842263019858,0.4604651162790697,174.0
weighted avg,0.8428749818770257,0.5862068965517241,0.670034750066827,174.0
