,precision,recall,f1-score,support
0,0.37,0.7115384615384616,0.48684210526315785,52.0
1,0.6666666666666666,0.3225806451612903,0.4347826086956521,93.0
accuracy,0.46206896551724136,0.46206896551724136,0.46206896551724136,0.46206896551724136
macro avg,0.5183333333333333,0.517059553349876,0.460812356979405,145.0
weighted avg,0.5602758620689655,0.46206896551724136,0.45345222125779217,145.0
