,precision,recall,f1-score,support
0,0.3918918918918919,0.5576923076923077,0.46031746031746035,52.0
1,0.676056338028169,0.5161290322580645,0.5853658536585366,93.0
accuracy,0.5310344827586206,0.5310344827586206,0.5310344827586206,0.5310344827586206
macro avg,0.5339741149600304,0.5369106699751861,0.5228416569879984,145.0
weighted avg,0.5741490883792972,0.5310344827586206,0.5405209125982885,145.0
