,precision,recall,f1-score,support
0,0.7666666666666667,0.5,0.605263157894737,276.0
1,0.19298245614035087,0.44,0.2682926829268293,75.0
accuracy,0.48717948717948717,0.48717948717948717,0.48717948717948717,0.48717948717948717
macro avg,0.4798245614035088,0.47,0.4367779204107831,351.0
weighted avg,0.6440845704003599,0.48717948717948717,0.533260919653731,351.0
