,precision,recall,f1-score,support
0,0.8034682080924855,0.5036231884057971,0.6191536748329621,276.0
1,0.2303370786516854,0.5466666666666666,0.3241106719367589,75.0
accuracy,0.5128205128205128,0.5128205128205128,0.5128205128205128,0.5128205128205128
macro avg,0.5169026433720855,0.5251449275362319,0.4716321733848605,351.0
weighted avg,0.6810042915453061,0.5128205128205128,0.5561102981457392,351.0
