,precision,recall,f1-score,support
0,0.8674698795180723,0.496551724137931,0.631578947368421,145.0
1,0.1978021978021978,0.6206896551724138,0.3,29.0
accuracy,0.5172413793103449,0.5172413793103449,0.5172413793103449,0.5172413793103449
macro avg,0.5326360386601351,0.5586206896551724,0.46578947368421053,174.0
weighted avg,0.7558585992320931,0.5172413793103449,0.5763157894736841,174.0
