,precision,recall,f1-score,support
0,0.7160493827160493,0.6041666666666666,0.655367231638418,96.0
1,0.40625,0.5306122448979592,0.46017699115044247,49.0
accuracy,0.5793103448275863,0.5793103448275863,0.5793103448275863,0.5793103448275863
macro avg,0.5611496913580247,0.5673894557823129,0.5577721113944303,145.0
weighted avg,0.6113585568326947,0.5793103448275863,0.589406391749378,145.0
