,precision,recall,f1-score,support
0,0.6585365853658537,0.5625,0.6067415730337078,96.0
1,0.3333333333333333,0.42857142857142855,0.375,49.0
accuracy,0.5172413793103449,0.5172413793103449,0.5172413793103449,0.5172413793103449
macro avg,0.49593495934959353,0.4955357142857143,0.4908707865168539,145.0
weighted avg,0.5486403139893468,0.5172413793103449,0.5284289035257651,145.0
