,precision,recall,f1-score,support
0,0.7307692307692307,0.7916666666666666,0.76,96.0
1,0.5121951219512195,0.42857142857142855,0.4666666666666667,49.0
accuracy,0.6689655172413793,0.6689655172413793,0.6689655172413793,0.6689655172413793
macro avg,0.6214821763602252,0.6101190476190476,0.6133333333333333,145.0
weighted avg,0.6569062560652131,0.6689655172413793,0.6608735632183909,145.0
