,precision,recall,f1-score,support
0,0.9323308270676691,0.7701863354037267,0.8435374149659864,322.0
1,0.12941176470588237,0.3793103448275862,0.1929824561403509,29.0
accuracy,0.7378917378917379,0.7378917378917379,0.7378917378917379,0.7378917378917379
macro avg,0.5308712958867757,0.5747483401156565,0.5182599355531686,351.0
weighted avg,0.8659927848782338,0.7378917378917379,0.7897878599632987,351.0
