,precision,recall,f1-score,support
0,0.8536585365853658,0.4827586206896552,0.6167400881057269,145.0
1,0.18478260869565216,0.5862068965517241,0.28099173553719003,29.0
accuracy,0.5,0.5,0.5,0.5
macro avg,0.519220572640509,0.5344827586206896,0.44886591182145846,174.0
weighted avg,0.7421792152704135,0.5,0.5607820293443041,174.0
