,precision,recall,f1-score,support
0,0.6808510638297872,0.6153846153846154,0.6464646464646464,104.0
1,0.5,0.5714285714285714,0.5333333333333333,70.0
accuracy,0.5977011494252874,0.5977011494252874,0.5977011494252874,0.5977011494252874
macro avg,0.5904255319148937,0.5934065934065934,0.5898989898989899,174.0
weighted avg,0.6080948887258498,0.5977011494252874,0.6009520492279112,174.0
