,precision,recall,f1-score,support
0,0.5176470588235295,0.4230769230769231,0.4656084656084657,104.0
1,0.3258426966292135,0.4142857142857143,0.36477987421383656,70.0
accuracy,0.41954022988505746,0.41954022988505746,0.41954022988505746,0.41954022988505746
macro avg,0.4217448777263715,0.4186813186813187,0.4151941699111511,174.0
weighted avg,0.4404843843775403,0.41954022988505746,0.425045239185339,174.0
