,precision,recall,f1-score,support
0,0.9289340101522843,0.5683229813664596,0.7052023121387283,322.0
1,0.09740259740259741,0.5172413793103449,0.1639344262295082,29.0
accuracy,0.5641025641025641,0.5641025641025641,0.5641025641025641,0.5641025641025641
macro avg,0.5131683037774408,0.5427821803384023,0.43456836918411823,351.0
weighted avg,0.8602319845974667,0.5641025641025641,0.660482173416884,351.0
