,precision,recall,f1-score,support
0,0.8725490196078431,0.6137931034482759,0.7206477732793521,145.0
1,0.2222222222222222,0.5517241379310345,0.31683168316831684,29.0
accuracy,0.603448275862069,0.603448275862069,0.603448275862069,0.603448275862069
macro avg,0.5473856209150327,0.5827586206896551,0.5187397282238345,174.0
weighted avg,0.764161220043573,0.603448275862069,0.6533450915941795,174.0
