,precision,recall,f1-score,support
0,0.6363636363636364,0.47115384615384615,0.5414364640883977,104.0
1,0.4329896907216495,0.6,0.502994011976048,70.0
accuracy,0.5229885057471264,0.5229885057471264,0.5229885057471264,0.5229885057471264
macro avg,0.534676663542643,0.5355769230769231,0.5222152380322229,174.0
weighted avg,0.554546531795021,0.5229885057471264,0.525971109790326,174.0
