,precision,recall,f1-score,support
0,0.5555555555555556,0.5303030303030303,0.5426356589147286,66.0
1,0.6219512195121951,0.6455696202531646,0.6335403726708075,79.0
accuracy,0.593103448275862,0.593103448275862,0.593103448275862,0.593103448275862
macro avg,0.5887533875338753,0.5879363252780974,0.5880880157927681,145.0
weighted avg,0.5917297448836558,0.593103448275862,0.592163054685282,145.0
