,precision,recall,f1-score,support
0,0.5645161290322581,0.5303030303030303,0.5468750000000001,66.0
1,0.6265060240963856,0.6582278481012658,0.6419753086419754,79.0
accuracy,0.6,0.6,0.6,0.6
macro avg,0.5955110765643219,0.594265439202148,0.5944251543209877,145.0
weighted avg,0.5982899339292655,0.6,0.5986882716049384,145.0
