,precision,recall,f1-score,support
0,0.7158469945355191,0.5670995670995671,0.6328502415458938,231.0
1,0.40476190476190477,0.5666666666666667,0.4722222222222222,120.0
accuracy,0.5669515669515669,0.5669515669515669,0.5669515669515669,0.5669515669515669
macro avg,0.560304449648712,0.5668831168831169,0.552536231884058,351.0
weighted avg,0.6094931176898389,0.5669515669515669,0.5779346793839548,351.0
