,precision,recall,f1-score,support
0,0.8209876543209876,0.48188405797101447,0.6073059360730593,276.0
1,0.24338624338624337,0.6133333333333333,0.34848484848484845,75.0
accuracy,0.50997150997151,0.50997150997151,0.50997150997151,0.50997150997151
macro avg,0.5321869488536155,0.5476086956521738,0.47789539227895383,351.0
weighted avg,0.6975685494204013,0.50997150997151,0.5520022848789972,351.0
