,precision,recall,f1-score,support
0,0.8387096774193549,0.527027027027027,0.6473029045643154,148.0
1,0.13580246913580246,0.4230769230769231,0.205607476635514,26.0
accuracy,0.5114942528735632,0.5114942528735632,0.5114942528735632,0.5114942528735632
macro avg,0.4872560732775787,0.47505197505197505,0.4264551905999147,174.0
weighted avg,0.7336775658367551,0.5114942528735631,0.5813024383220806,174.0
