,precision,recall,f1-score,support
0,0.8125,0.5454545454545454,0.6527196652719665,286.0
1,0.18238993710691823,0.4461538461538462,0.2589285714285714,65.0
accuracy,0.5270655270655271,0.5270655270655271,0.5270655270655271,0.5270655270655271
macro avg,0.4974449685534591,0.49580419580419577,0.4558241183502689,351.0
weighted avg,0.695812951316096,0.5270655270655271,0.5797953886343007,351.0
