,precision,recall,f1-score,support
0,0.8201058201058201,0.541958041958042,0.6526315789473685,286.0
1,0.19135802469135801,0.47692307692307695,0.27312775330396477,65.0
accuracy,0.5299145299145299,0.5299145299145299,0.5299145299145299,0.5299145299145299
macro avg,0.5057319223985891,0.5094405594405594,0.4628796661256666,351.0
weighted avg,0.7036710431772161,0.5299145299145299,0.5823530927171086,351.0
