,precision,recall,f1-score,support
0,0.7029702970297029,0.7395833333333334,0.7208121827411168,96.0
1,0.4318181818181818,0.3877551020408163,0.4086021505376344,49.0
accuracy,0.6206896551724138,0.6206896551724138,0.6206896551724138,0.6206896551724138
macro avg,0.5673942394239424,0.5636692176870748,0.5647071666393756,145.0
weighted avg,0.6113395822340855,0.6206896551724138,0.6153067235826986,145.0
