,precision,recall,f1-score,support
0,0.8383838383838383,0.6974789915966386,0.7614678899082569,119.0
1,0.21739130434782608,0.38461538461538464,0.27777777777777773,26.0
accuracy,0.6413793103448275,0.6413793103448275,0.6413793103448275,0.6413793103448275
macro avg,0.5278875713658322,0.5410471881060116,0.5196228338430173,145.0
weighted avg,0.7270334529704845,0.6413793103448275,0.6747372491124467,145.0
