,precision,recall,f1-score,support
0,0.8541666666666666,0.5540540540540541,0.6721311475409837,148.0
1,0.15384615384615385,0.46153846153846156,0.23076923076923075,26.0
accuracy,0.5402298850574713,0.5402298850574713,0.5402298850574713,0.5402298850574713
macro avg,0.5040064102564102,0.5077962577962578,0.4514501891551072,174.0
weighted avg,0.7495210727969348,0.5402298850574713,0.6061805162992274,174.0
