,precision,recall,f1-score,support
0,0.9080459770114943,0.5939849624060151,0.7181818181818183,133.0
1,0.06896551724137931,0.3333333333333333,0.1142857142857143,12.0
accuracy,0.5724137931034483,0.5724137931034483,0.5724137931034483,0.5724137931034483
macro avg,0.4885057471264368,0.4636591478696742,0.4162337662337663,145.0
weighted avg,0.8386048355132779,0.5724137931034483,0.66820420958352,145.0
