,precision,recall,f1-score,support
0,0.9210526315789473,0.5263157894736842,0.6698564593301436,133.0
1,0.08695652173913043,0.5,0.14814814814814817,12.0
accuracy,0.5241379310344828,0.5241379310344828,0.5241379310344828,0.5241379310344828
macro avg,0.5040045766590389,0.513157894736842,0.40900230373914587,145.0
weighted avg,0.852023988005997,0.5241379310344828,0.6266805990943922,145.0
