,precision,recall,f1-score,support
0,0.9325842696629213,0.515527950310559,0.6639999999999999,322.0
1,0.09826589595375723,0.5862068965517241,0.16831683168316833,29.0
accuracy,0.5213675213675214,0.5213675213675214,0.5213675213675214,0.5213675213675214
macro avg,0.5154250828083393,0.5508674234311415,0.41615841584158414,351.0
weighted avg,0.8636519823764092,0.5213675213675214,0.623046119996615,351.0
