,precision,recall,f1-score,support
0,0.9090909090909091,0.6015037593984962,0.7239819004524886,133.0
1,0.07017543859649122,0.3333333333333333,0.11594202898550725,12.0
accuracy,0.5793103448275863,0.5793103448275863,0.5793103448275863,0.5793103448275863
macro avg,0.48963317384370014,0.46741854636591473,0.4199619647189979,145.0
weighted avg,0.8396634218775779,0.5793103448275863,0.673661359365566,145.0
