,precision,recall,f1-score,support
0,0.8378378378378378,0.541958041958042,0.6581740976645435,286.0
1,0.21084337349397592,0.5384615384615384,0.303030303030303,65.0
accuracy,0.5413105413105413,0.5413105413105413,0.5413105413105413,0.5413105413105413
macro avg,0.5243406056659069,0.5402097902097902,0.48060220034742324,351.0
weighted avg,0.7217277518482338,0.5413105413105413,0.5924067282878324,351.0
