,precision,recall,f1-score,support
0,0.7634408602150538,0.5338345864661654,0.6283185840707965,133.0
1,0.2345679012345679,0.4634146341463415,0.3114754098360656,41.0
accuracy,0.5172413793103449,0.5172413793103449,0.5172413793103449,0.5172413793103449
macro avg,0.4990043807248108,0.4986246103062535,0.46989699695343107,174.0
weighted avg,0.6388213698805714,0.5172413793103449,0.5536601349695094,174.0
