,precision,recall,f1-score,support
0,0.8282828282828283,0.6165413533834586,0.7068965517241379,133.0
1,0.32,0.5853658536585366,0.4137931034482759,41.0
accuracy,0.6091954022988506,0.6091954022988506,0.6091954022988506,0.6091954022988506
macro avg,0.5741414141414142,0.6009536035209976,0.5603448275862069,174.0
weighted avg,0.7085150354115872,0.6091954022988506,0.6378319460959175,174.0
