,precision,recall,f1-score,support
0,0.8255813953488372,0.5338345864661654,0.6484018264840182,133.0
1,0.29545454545454547,0.6341463414634146,0.40310077519379844,41.0
accuracy,0.5574712643678161,0.5574712643678161,0.5574712643678161,0.5574712643678161
macro avg,0.5605179704016914,0.58399046396479,0.5257513008389083,174.0
weighted avg,0.7006664479599524,0.5574712643678161,0.5906010040535642,174.0
