,precision,recall,f1-score,support
0,0.7659574468085106,0.5413533834586466,0.6343612334801761,133.0
1,0.2375,0.4634146341463415,0.3140495867768595,41.0
accuracy,0.5229885057471264,0.5229885057471264,0.5229885057471264,0.5229885057471264
macro avg,0.5017287234042553,0.502384008802494,0.4742054101285178,174.0
weighted avg,0.6414358645145513,0.5229885057471264,0.5588855006362912,174.0
