,precision,recall,f1-score,support
0,0.7901234567901234,0.5378151260504201,0.64,119.0
1,0.140625,0.34615384615384615,0.2,26.0
accuracy,0.503448275862069,0.503448275862069,0.503448275862069,0.503448275862069
macro avg,0.4653742283950617,0.44198448610213315,0.42000000000000004,145.0
weighted avg,0.6736616645381013,0.503448275862069,0.5611034482758621,145.0
