,precision,recall,f1-score,support
0,0.8117647058823529,0.5798319327731093,0.6764705882352943,119.0
1,0.16666666666666666,0.38461538461538464,0.2325581395348837,26.0
accuracy,0.5448275862068965,0.5448275862068965,0.5448275862068965,0.5448275862068965
macro avg,0.4892156862745098,0.482223658694247,0.454514363885089,145.0
weighted avg,0.6960919540229884,0.5448275862068965,0.5968724939855655,145.0
