,precision,recall,f1-score,support
0,0.9342723004694836,0.6180124223602484,0.7439252336448599,322.0
1,0.10869565217391304,0.5172413793103449,0.17964071856287422,29.0
accuracy,0.6096866096866097,0.6096866096866097,0.6096866096866097,0.6096866096866097
macro avg,0.5214839763216983,0.5676269008352967,0.46178297610386704,351.0
weighted avg,0.8660622640006188,0.6096866096866097,0.6973034361024736,351.0
