,precision,recall,f1-score,support
0,0.813953488372093,0.6086956521739131,0.6965174129353234,115.0
1,0.23728813559322035,0.4666666666666667,0.3146067415730337,30.0
accuracy,0.5793103448275863,0.5793103448275863,0.5793103448275863,0.5793103448275863
macro avg,0.5256208119826566,0.5376811594202899,0.5055620772541786,145.0
weighted avg,0.6946434153833607,0.5793103448275863,0.6175014119638152,145.0
