,precision,recall,f1-score,support
0,0.39790575916230364,0.5277777777777778,0.45373134328358206,144.0
1,0.575,0.4444444444444444,0.5013623978201635,207.0
accuracy,0.47863247863247865,0.47863247863247865,0.47863247863247865,0.47863247863247865
macro avg,0.4864528795811518,0.4861111111111111,0.4775468705518727,351.0
weighted avg,0.5023459524768424,0.47863247863247865,0.4818214523692583,351.0
