,precision,recall,f1-score,support
0,0.3786407766990291,0.5416666666666666,0.44571428571428573,144.0
1,0.5448275862068965,0.38164251207729466,0.44886363636363635,207.0
accuracy,0.4472934472934473,0.4472934472934473,0.4472934472934473,0.4472934472934473
macro avg,0.46173418145296286,0.4616545893719807,0.44728896103896104,351.0
weighted avg,0.47664838230623296,0.4472934472934473,0.4475715950715951,351.0
