,precision,recall,f1-score,support
0,0.8317307692307693,0.6006944444444444,0.6975806451612903,288.0
1,0.1958041958041958,0.4444444444444444,0.27184466019417475,63.0
accuracy,0.5726495726495726,0.5726495726495726,0.5726495726495726,0.5726495726495726
macro avg,0.5137674825174825,0.5225694444444444,0.4847126526777325,351.0
weighted avg,0.7175901022054869,0.5726495726495726,0.6211664940133464,351.0
