,precision,recall,f1-score,support
0,0.8266666666666667,0.5391304347826087,0.6526315789473685,115.0
1,0.24285714285714285,0.5666666666666667,0.33999999999999997,30.0
accuracy,0.5448275862068965,0.5448275862068965,0.5448275862068965,0.5448275862068965
macro avg,0.5347619047619048,0.5528985507246377,0.4963157894736842,145.0
weighted avg,0.7058784893267652,0.5448275862068965,0.5879491833030853,145.0
