,precision,recall,f1-score,support
0,0.9273743016759777,0.515527950310559,0.6626746506986028,322.0
1,0.09302325581395349,0.5517241379310345,0.1592039800995025,29.0
accuracy,0.5185185185185185,0.5185185185185185,0.5185185185185185,0.5185185185185185
macro avg,0.5101987787449656,0.5336260441207967,0.41093931539905265,351.0
weighted avg,0.8584393149808247,0.5185185185185185,0.6210773588257426,351.0
