,precision,recall,f1-score,support
0,0.8285714285714286,0.3020833333333333,0.4427480916030534,288.0
1,0.18292682926829268,0.7142857142857143,0.2912621359223301,63.0
accuracy,0.37606837606837606,0.37606837606837606,0.37606837606837606,0.37606837606837606
macro avg,0.5057491289198607,0.5081845238095238,0.36700511376269174,351.0
weighted avg,0.7126865004913786,0.37606837606837606,0.4155583046860005,351.0
