,precision,recall,f1-score,support
0,0.4594594594594595,0.5151515151515151,0.48571428571428577,66.0
1,0.5492957746478874,0.4936708860759494,0.52,79.0
accuracy,0.503448275862069,0.503448275862069,0.503448275862069,0.503448275862069
macro avg,0.5043776170536735,0.5044112006137322,0.5028571428571429,145.0
weighted avg,0.5084047622172926,0.503448275862069,0.5043940886699507,145.0
