,precision,recall,f1-score,support
0,0.5308641975308642,0.6515151515151515,0.5850340136054422,66.0
1,0.640625,0.5189873417721519,0.5734265734265733,79.0
accuracy,0.5793103448275863,0.5793103448275863,0.5793103448275863,0.5793103448275863
macro avg,0.5857445987654322,0.5852512466436517,0.5792302935160077,145.0
weighted avg,0.5906649106002554,0.5793103448275863,0.578709959990748,145.0
