,precision,recall,f1-score,support
0,0.42391304347826086,0.4727272727272727,0.44699140401146126,165.0
1,0.47904191616766467,0.43010752688172044,0.45325779036827196,186.0
accuracy,0.45014245014245013,0.45014245014245013,0.45014245014245013,0.45014245014245013
macro avg,0.45147747982296277,0.4514173998044966,0.45012459718986664,351.0
weighted avg,0.45312663413418425,0.45014245014245013,0.45031205319199336,351.0
