,precision,recall,f1-score,support
0,0.49740932642487046,0.5818181818181818,0.5363128491620112,165.0
1,0.5632911392405063,0.478494623655914,0.5174418604651163,186.0
accuracy,0.5270655270655271,0.5270655270655271,0.5270655270655271,0.5270655270655271
macro avg,0.5303502328326883,0.5301564027370479,0.5268773548135637,351.0
weighted avg,0.5323210562929852,0.5270655270655271,0.5263128380576737,351.0
