,precision,recall,f1-score,support
0,0.9090909090909091,0.5095541401273885,0.6530612244897959,157.0
1,0.10465116279069768,0.5294117647058824,0.1747572815533981,17.0
accuracy,0.5114942528735632,0.5114942528735632,0.5114942528735632,0.5114942528735632
macro avg,0.5068710359408034,0.5194829524166354,0.413909253021597,174.0
weighted avg,0.8304962212339918,0.5114942528735632,0.6063303794902627,174.0
