,precision,recall,f1-score,support
0,0.3157894736842105,0.46153846153846156,0.37499999999999994,52.0
1,0.5942028985507246,0.44086021505376344,0.5061728395061729,93.0
accuracy,0.4482758620689655,0.4482758620689655,0.4482758620689655,0.4482758620689655
macro avg,0.45499618611746756,0.4511993382961125,0.44058641975308643,145.0
weighted avg,0.4943580841158368,0.4482758620689655,0.4591315453384419,145.0
