,precision,recall,f1-score,support
0,0.39285714285714285,0.6346153846153846,0.4852941176470588,52.0
1,0.6885245901639344,0.45161290322580644,0.5454545454545455,93.0
accuracy,0.5172413793103449,0.5172413793103449,0.5172413793103449,0.5172413793103449
macro avg,0.5406908665105387,0.5431141439205955,0.5153743315508021,145.0
weighted avg,0.5824921263021885,0.5172413793103449,0.5238797713442744,145.0
