,precision,recall,f1-score,support
0,0.4383561643835616,0.6153846153846154,0.512,52.0
1,0.7222222222222222,0.5591397849462365,0.6303030303030301,93.0
accuracy,0.5793103448275863,0.5793103448275863,0.5793103448275863,0.5793103448275863
macro avg,0.580289193302892,0.587262200165426,0.5711515151515151,145.0
weighted avg,0.6204219807904267,0.5793103448275863,0.5878771159874607,145.0
