,precision,recall,f1-score,support
0,0.6263736263736264,0.6909090909090909,0.6570605187319885,165.0
1,0.6982248520710059,0.6344086021505376,0.6647887323943662,186.0
accuracy,0.6609686609686609,0.6609686609686609,0.6609686609686609,0.6609686609686609
macro avg,0.6622992392223161,0.6626588465298142,0.6609246255631773,351.0
weighted avg,0.664448634862836,0.6609686609686609,0.6611558114419663,351.0
