,precision,recall,f1-score,support
0,0.8321167883211679,0.41304347826086957,0.5520581113801453,276.0
1,0.24299065420560748,0.6933333333333334,0.3598615916955017,75.0
accuracy,0.47293447293447294,0.47293447293447294,0.47293447293447294,0.47293447293447294
macro avg,0.5375537212633876,0.5531884057971015,0.4559598515378235,351.0
weighted avg,0.7062351357323728,0.47293447293447294,0.5109904789688966,351.0
