,precision,recall,f1-score,support
0,0.8,0.4492753623188406,0.5754060324825986,276.0
1,0.22448979591836735,0.5866666666666667,0.3247232472324723,75.0
accuracy,0.47863247863247865,0.47863247863247865,0.47863247863247865,0.47863247863247865
macro avg,0.5122448979591837,0.5179710144927536,0.4500646398575354,351.0
weighted avg,0.6770277341705914,0.47863247863247865,0.5218413347795802,351.0
