,precision,recall,f1-score,support
0,0.6206896551724138,0.6545454545454545,0.6371681415929203,165.0
1,0.6779661016949152,0.6451612903225806,0.6611570247933884,186.0
accuracy,0.6495726495726496,0.6495726495726496,0.6495726495726496,0.6495726495726496
macro avg,0.6493278784336645,0.6498533724340176,0.6491625831931545,351.0
weighted avg,0.6510412764065598,0.6495726495726496,0.649880199357271,351.0
