,precision,recall,f1-score,support
0,0.5026737967914439,0.5696969696969697,0.5340909090909092,165.0
1,0.5670731707317073,0.5,0.5314285714285715,186.0
accuracy,0.5327635327635327,0.5327635327635327,0.5327635327635327,0.5327635327635327
macro avg,0.5348734837615756,0.5348484848484849,0.5327597402597404,351.0
weighted avg,0.5367999607597885,0.5327635327635327,0.5326800976800977,351.0
