,precision,recall,f1-score,support
0,0.4789473684210526,0.5515151515151515,0.5126760563380282,165.0
1,0.5403726708074534,0.46774193548387094,0.5014409221902018,186.0
accuracy,0.5071225071225072,0.5071225071225072,0.5071225071225072,0.5071225071225072
macro avg,0.509660019614253,0.5096285434995113,0.507058489264115,351.0
weighted avg,0.5114975286600001,0.5071225071225072,0.5067223955075559,351.0
