,precision,recall,f1-score,support
0,0.6179775280898876,0.6875,0.6508875739644969,80.0
1,0.7058823529411765,0.6382978723404256,0.670391061452514,94.0
accuracy,0.6609195402298851,0.6609195402298851,0.6609195402298851,0.6609195402298851
macro avg,0.6619299405155321,0.6628989361702128,0.6606393177085055,174.0
weighted avg,0.6654663415152965,0.6609195402298851,0.6614239407683682,174.0
