,precision,recall,f1-score,support
0,0.5357142857142857,0.75,0.6250000000000001,80.0
1,0.6774193548387096,0.44680851063829785,0.5384615384615384,94.0
accuracy,0.5862068965517241,0.5862068965517241,0.5862068965517241,0.5862068965517241
macro avg,0.6065668202764977,0.5984042553191489,0.5817307692307693,174.0
weighted avg,0.6122675989194342,0.5862068965517241,0.5782493368700266,174.0
