,precision,recall,f1-score,support
0,0.5227272727272727,0.575,0.5476190476190476,80.0
1,0.6046511627906976,0.5531914893617021,0.5777777777777778,94.0
accuracy,0.5632183908045977,0.5632183908045977,0.5632183908045977,0.5632183908045977
macro avg,0.5636892177589852,0.564095744680851,0.5626984126984127,174.0
weighted avg,0.5669850064396976,0.5632183908045977,0.5639116949461778,174.0
