,precision,recall,f1-score,support
0,0.8714285714285714,0.5041322314049587,0.6387434554973822,121.0
1,0.2,0.625,0.30303030303030304,24.0
accuracy,0.5241379310344828,0.5241379310344828,0.5241379310344828,0.5241379310344828
macro avg,0.5357142857142857,0.5645661157024793,0.47088687926384265,145.0
weighted avg,0.7602955665024631,0.5241379310344828,0.5831771406062795,145.0
