,precision,recall,f1-score,support
0,0.8210526315789474,0.5379310344827586,0.6499999999999999,145.0
1,0.1518987341772152,0.41379310344827586,0.22222222222222224,29.0
accuracy,0.5172413793103449,0.5172413793103449,0.5172413793103449,0.5172413793103449
macro avg,0.4864756828780813,0.4758620689655172,0.43611111111111106,174.0
weighted avg,0.709526982011992,0.5172413793103449,0.5787037037037036,174.0
