,precision,recall,f1-score,support
0,0.9125,0.5488721804511278,0.6854460093896715,133.0
1,0.07692307692307693,0.4166666666666667,0.12987012987012989,12.0
accuracy,0.5379310344827586,0.5379310344827586,0.5379310344827586,0.5379310344827586
macro avg,0.4947115384615385,0.4827694235588973,0.4076580696299007,145.0
weighted avg,0.8433488063660477,0.5379310344827586,0.6394673159121922,145.0
