,precision,recall,f1-score,support
0,0.9113924050632911,0.5413533834586466,0.6792452830188679,133.0
1,0.07575757575757576,0.4166666666666667,0.12820512820512822,12.0
accuracy,0.5310344827586206,0.5310344827586206,0.5310344827586206,0.5310344827586206
macro avg,0.49357499041043346,0.47901002506265666,0.40372520561199804,145.0
weighted avg,0.8422364191897146,0.5310344827586206,0.6336419598618687,145.0
