,precision,recall,f1-score,support
0,0.7142857142857143,0.5217391304347826,0.6030150753768844,115.0
1,0.09836065573770492,0.2,0.13186813186813187,30.0
accuracy,0.45517241379310347,0.45517241379310347,0.45517241379310347,0.45517241379310347
macro avg,0.4063231850117096,0.36086956521739133,0.3674416036225081,145.0
weighted avg,0.5868529435516433,0.45517241379310347,0.5055363974095562,145.0
