,precision,recall,f1-score,support
0,0.8148148148148148,0.5739130434782609,0.6734693877551021,115.0
1,0.234375,0.5,0.3191489361702128,30.0
accuracy,0.5586206896551724,0.5586206896551724,0.5586206896551724,0.5586206896551724
macro avg,0.5245949074074074,0.5369565217391304,0.49630916196265745,145.0
weighted avg,0.6947238186462323,0.5586206896551724,0.6001617081168492,145.0
