,precision,recall,f1-score,support
0,0.6923076923076923,0.47368421052631576,0.5625,133.0
1,0.1566265060240964,0.3170731707317073,0.20967741935483872,41.0
accuracy,0.4367816091954023,0.4367816091954023,0.4367816091954023,0.4367816091954023
macro avg,0.4244670991658943,0.39537869062901154,0.3860887096774194,174.0
weighted avg,0.5660839645052359,0.4367816091954023,0.47936364479050797,174.0
