,precision,recall,f1-score,support
0,0.7551020408163265,0.556390977443609,0.6406926406926408,133.0
1,0.2236842105263158,0.4146341463414634,0.2905982905982906,41.0
accuracy,0.5229885057471264,0.5229885057471264,0.5229885057471264,0.5229885057471264
macro avg,0.48939312567132115,0.4855125618925362,0.4656454656454657,174.0
weighted avg,0.6298828968974158,0.5229885057471264,0.5581991444060409,174.0
