,precision,recall,f1-score,support
0,0.922077922077922,0.45222929936305734,0.6068376068376069,157.0
1,0.1134020618556701,0.6470588235294118,0.19298245614035087,17.0
accuracy,0.47126436781609193,0.47126436781609193,0.47126436781609193,0.47126436781609193
macro avg,0.5177399919667961,0.5496440614462346,0.39991003148897886,174.0
weighted avg,0.843069361021725,0.47126436781609193,0.5664034829189094,174.0
