,precision,recall,f1-score,support
0,0.9137931034482759,0.4937888198757764,0.6411290322580645,322.0
1,0.07909604519774012,0.4827586206896552,0.1359223300970874,29.0
accuracy,0.4928774928774929,0.4928774928774929,0.4928774928774929,0.4928774928774929
macro avg,0.49644457432300804,0.48827372028271576,0.38852568117757597,351.0
weighted avg,0.8448295288349837,0.4928774928774929,0.5993883075780977,351.0
