,precision,recall,f1-score,support
0,0.9135135135135135,0.5248447204968945,0.6666666666666666,322.0
1,0.0783132530120482,0.4482758620689655,0.13333333333333336,29.0
accuracy,0.5185185185185185,0.5185185185185185,0.5185185185185185,0.5185185185185185
macro avg,0.49591338326278084,0.48656029128293,0.4,351.0
weighted avg,0.8445083637854723,0.5185185185185186,0.6226020892687559,351.0
