,precision,recall,f1-score,support
0,0.4895833333333333,0.5696969696969697,0.526610644257703,165.0
1,0.5534591194968553,0.4731182795698925,0.510144927536232,186.0
accuracy,0.5185185185185185,0.5185185185185185,0.5185185185185185,0.5185185185185185
macro avg,0.5215212264150944,0.5214076246334312,0.5183777858969675,351.0
weighted avg,0.523432040531097,0.5185185185185185,0.517885221721539,351.0
