,precision,recall,f1-score,support
0,0.5428571428571428,0.5757575757575758,0.5588235294117646,66.0
1,0.6266666666666667,0.5949367088607594,0.6103896103896105,79.0
accuracy,0.5862068965517241,0.5862068965517241,0.5862068965517241,0.5862068965517241
macro avg,0.5847619047619048,0.5853471423091676,0.5846065699006875,145.0
weighted avg,0.5885188834154351,0.5862068965517241,0.5869181528410737,145.0
