,precision,recall,f1-score,support
0,0.8579234972677595,0.548951048951049,0.6695095948827292,286.0
1,0.23214285714285715,0.6,0.3347639484978541,65.0
accuracy,0.5584045584045584,0.5584045584045584,0.5584045584045584,0.5584045584045584
macro avg,0.5450331772053083,0.5744755244755244,0.5021367716902917,351.0
weighted avg,0.7420381935409258,0.5584045584045584,0.6075196603670117,351.0
