,precision,recall,f1-score,support
0,0.7759562841530054,0.4965034965034965,0.605543710021322,286.0
1,0.14285714285714285,0.36923076923076925,0.20600858369098715,65.0
accuracy,0.47293447293447294,0.47293447293447294,0.47293447293447294,0.47293447293447294
macro avg,0.4594067135050741,0.43286713286713285,0.4057761468561546,351.0
weighted avg,0.6587157024315494,0.47293447293447294,0.5315557236638526,351.0
