,precision,recall,f1-score,support
0,0.37037037037037035,0.4861111111111111,0.42042042042042044,144.0
1,0.5432098765432098,0.4251207729468599,0.47696476964769646,207.0
accuracy,0.45014245014245013,0.45014245014245013,0.45014245014245013,0.45014245014245013
macro avg,0.4567901234567901,0.4556159420289855,0.44869259503405845,351.0
weighted avg,0.47230136119025007,0.45014245014245013,0.45376708791342935,351.0
