,precision,recall,f1-score,support
0,0.8151658767772512,0.5972222222222222,0.68937875751503,288.0
1,0.17142857142857143,0.38095238095238093,0.2364532019704433,63.0
accuracy,0.5584045584045584,0.5584045584045584,0.5584045584045584,0.5584045584045584
macro avg,0.4932972241029113,0.48908730158730157,0.4629159797427366,351.0
weighted avg,0.6996232835095394,0.5584045584045584,0.6080844270326683,351.0
