,precision,recall,f1-score,support
0,0.9552238805970149,0.48120300751879697,0.6399999999999999,133.0
1,0.11538461538461539,0.75,0.19999999999999998,12.0
accuracy,0.503448275862069,0.503448275862069,0.503448275862069,0.503448275862069
macro avg,0.5353042479908151,0.6156015037593985,0.41999999999999993,145.0
weighted avg,0.8857199414070231,0.503448275862069,0.6035862068965517,145.0
