,precision,recall,f1-score,support
0,0.9253731343283582,0.9323308270676691,0.9288389513108615,133.0
1,0.18181818181818182,0.16666666666666666,0.17391304347826086,12.0
accuracy,0.8689655172413793,0.8689655172413793,0.8689655172413793,0.8689655172413793
macro avg,0.55359565807327,0.5494987468671679,0.5513759973945611,145.0
weighted avg,0.863837552051654,0.8689655172413793,0.8663623244557497,145.0
