,precision,recall,f1-score,support
0,0.6309523809523809,0.5096153846153846,0.5638297872340425,104.0
1,0.43333333333333335,0.5571428571428572,0.4875,70.0
accuracy,0.5287356321839081,0.5287356321839081,0.5287356321839081,0.5287356321839081
macro avg,0.5321428571428571,0.5333791208791209,0.5256648936170213,174.0
weighted avg,0.5514504652435688,0.5287356321839081,0.5331224015651748,174.0
