,precision,recall,f1-score,support
0,0.8611111111111112,0.39490445859872614,0.5414847161572053,157.0
1,0.06862745098039216,0.4117647058823529,0.11764705882352942,17.0
accuracy,0.39655172413793105,0.39655172413793105,0.39655172413793105,0.39655172413793105
macro avg,0.46486928104575165,0.40333458224053953,0.32956588749036736,174.0
weighted avg,0.7836845466155811,0.39655172413793105,0.500075289865984,174.0
