,precision,recall,f1-score,support
0,0.6,0.5480769230769231,0.5728643216080402,104.0
1,0.4050632911392405,0.45714285714285713,0.42953020134228187,70.0
accuracy,0.5114942528735632,0.5114942528735632,0.5114942528735632,0.5114942528735632
macro avg,0.5025316455696203,0.5026098901098901,0.5011972614751611,174.0
weighted avg,0.5215771860904991,0.5114942528735632,0.515201169776988,174.0
