,precision,recall,f1-score,support
0,0.5760869565217391,0.5096153846153846,0.5408163265306122,104.0
1,0.3780487804878049,0.44285714285714284,0.40789473684210525,70.0
accuracy,0.4827586206896552,0.4827586206896552,0.4827586206896552,0.4827586206896552
macro avg,0.477067868504772,0.4762362637362637,0.4743555316863587,174.0
weighted avg,0.49641642593337476,0.4827586206896552,0.48734212378236225,174.0
