,precision,recall,f1-score,support
0,0.4264705882352941,0.5576923076923077,0.4833333333333333,52.0
1,0.7012987012987013,0.5806451612903226,0.6352941176470589,93.0
accuracy,0.5724137931034483,0.5724137931034483,0.5724137931034483,0.5724137931034483
macro avg,0.5638846447669977,0.5691687344913152,0.5593137254901961,145.0
weighted avg,0.6027396538552725,0.5724137931034483,0.5807978363759297,145.0
