,precision,recall,f1-score,support
0,0.4375,0.5384615384615384,0.4827586206896552,52.0
1,0.7037037037037037,0.6129032258064516,0.6551724137931035,93.0
accuracy,0.5862068965517241,0.5862068965517241,0.5862068965517241,0.5862068965517241
macro avg,0.5706018518518519,0.575682382133995,0.5689655172413793,145.0
weighted avg,0.6082375478927203,0.5862068965517241,0.5933412604042807,145.0
