,precision,recall,f1-score,support
0,0.9398496240601504,0.9398496240601504,0.9398496240601504,133.0
1,0.3333333333333333,0.3333333333333333,0.3333333333333333,12.0
accuracy,0.8896551724137931,0.8896551724137931,0.8896551724137931,0.8896551724137931
macro avg,0.6365914786967418,0.6365914786967418,0.6365914786967418,145.0
weighted avg,0.8896551724137931,0.8896551724137931,0.8896551724137931,145.0
