,precision,recall,f1-score,support
0,0.9328358208955224,0.9398496240601504,0.9363295880149812,133.0
1,0.2727272727272727,0.25,0.2608695652173913,12.0
accuracy,0.8827586206896552,0.8827586206896552,0.8827586206896552,0.8827586206896552
macro avg,0.6027815468113975,0.5949248120300752,0.5985995766161862,145.0
weighted avg,0.8782061479436672,0.8827586206896552,0.8804294481972497,145.0
