,precision,recall,f1-score,support
0,0.4418604651162791,0.5277777777777778,0.4810126582278481,72.0
1,0.6136363636363636,0.5294117647058824,0.5684210526315789,102.0
accuracy,0.5287356321839081,0.5287356321839081,0.5287356321839081,0.5287356321839081
macro avg,0.5277484143763214,0.5285947712418301,0.5247168554297135,174.0
weighted avg,0.5425566814901217,0.5287356321839081,0.5322520618438283,174.0
