,precision,recall,f1-score,support
0,0.4953271028037383,0.7361111111111112,0.5921787709497207,72.0
1,0.7164179104477612,0.47058823529411764,0.5680473372781065,102.0
accuracy,0.5804597701149425,0.5804597701149425,0.5804597701149425,0.5804597701149425
macro avg,0.6058725066257498,0.6033496732026145,0.5801130541139137,174.0
weighted avg,0.6249320590088551,0.5804597701149425,0.57803275810774,174.0
