,precision,recall,f1-score,support
0,0.4536082474226804,0.6111111111111112,0.5207100591715976,144.0
1,0.643312101910828,0.48792270531400966,0.554945054945055,207.0
accuracy,0.5384615384615384,0.5384615384615384,0.5384615384615384,0.5384615384615384
macro avg,0.5484601746667542,0.5495169082125604,0.5378275570583263,351.0
weighted avg,0.5654848795567161,0.5384615384615384,0.540899928473893,351.0
