,precision,recall,f1-score,support
0,0.8160919540229885,0.4930555555555556,0.6147186147186148,288.0
1,0.1751412429378531,0.49206349206349204,0.25833333333333336,63.0
accuracy,0.4928774928774929,0.4928774928774929,0.4928774928774929,0.4928774928774929
macro avg,0.49561659848042083,0.49255952380952384,0.43652597402597404,351.0
weighted avg,0.7010495187000154,0.4928774928774929,0.5507520257520258,351.0
