,precision,recall,f1-score,support
0,0.8011049723756906,0.5034722222222222,0.6183368869936035,288.0
1,0.1588235294117647,0.42857142857142855,0.23175965665236054,63.0
accuracy,0.49002849002849,0.49002849002849,0.49002849002849,0.49002849002849
macro avg,0.47996425089372763,0.46602182539682535,0.425048271822982,351.0
weighted avg,0.6858236877411398,0.49002849002849,0.548951230265688,351.0
