,precision,recall,f1-score,support
0,0.8857142857142857,0.09627329192546584,0.17366946778711487,322.0
1,0.07911392405063292,0.8620689655172413,0.1449275362318841,29.0
accuracy,0.15954415954415954,0.15954415954415954,0.15954415954415954,0.15954415954415954
macro avg,0.4824141048824593,0.4791711287213536,0.15929850200949947,351.0
weighted avg,0.8190720905910779,0.15954415954415954,0.17129477828540066,351.0
