,precision,recall,f1-score,support
0,0.9166666666666666,0.546583850931677,0.6848249027237354,322.0
1,0.08176100628930817,0.4482758620689655,0.13829787234042554,29.0
accuracy,0.5384615384615384,0.5384615384615384,0.5384615384615384,0.5384615384615384
macro avg,0.4992138364779874,0.4974298565003213,0.4115613875320805,351.0
weighted avg,0.8476858571198193,0.5384615384615384,0.639670247791781,351.0
