,precision,recall,f1-score,support
0,0.8144329896907216,0.6638655462184874,0.7314814814814814,119.0
1,0.16666666666666666,0.3076923076923077,0.21621621621621623,26.0
accuracy,0.6,0.6,0.6,0.6
macro avg,0.49054982817869414,0.48577892695539754,0.4738488488488488,145.0
weighted avg,0.6982817869415807,0.6,0.6390890890890891,145.0
