,precision,recall,f1-score,support
0,0.6477272727272727,0.5480769230769231,0.59375,104.0
1,0.45348837209302323,0.5571428571428572,0.5,70.0
accuracy,0.5517241379310345,0.5517241379310345,0.5517241379310345,0.5517241379310345
macro avg,0.5506078224101479,0.5526098901098901,0.546875,174.0
weighted avg,0.5695851862652184,0.5517241379310345,0.5560344827586207,174.0
