,precision,recall,f1-score,support
0,0.852017937219731,0.6597222222222222,0.7436399217221136,288.0
1,0.234375,0.47619047619047616,0.31413612565445026,63.0
accuracy,0.6267806267806267,0.6267806267806267,0.6267806267806267,0.6267806267806267
macro avg,0.5431964686098655,0.5679563492063492,0.5288880236882819,351.0
weighted avg,0.7411589484879844,0.6267806267806267,0.666549496786892,351.0
