,precision,recall,f1-score,support
0,0.6593406593406593,0.5194805194805194,0.5811138014527845,231.0
1,0.3431952662721893,0.48333333333333334,0.4013840830449827,120.0
accuracy,0.5071225071225072,0.5071225071225072,0.5071225071225072,0.5071225071225072
macro avg,0.5012679628064243,0.5014069264069264,0.4912489422488836,351.0
weighted avg,0.5512567642745156,0.5071225071225072,0.5196677438774676,351.0
