,precision,recall,f1-score,support
0,0.6884422110552764,0.5930735930735931,0.6372093023255814,231.0
1,0.3815789473684211,0.48333333333333334,0.42647058823529416,120.0
accuracy,0.5555555555555556,0.5555555555555556,0.5555555555555556,0.5555555555555556
macro avg,0.5350105792118487,0.5382034632034632,0.5318399452804378,351.0
weighted avg,0.5835316935554968,0.5555555555555556,0.5651618787049704,351.0
