,precision,recall,f1-score,support
0,0.43103448275862066,0.4807692307692308,0.45454545454545453,52.0
1,0.6896551724137931,0.6451612903225806,0.6666666666666667,93.0
accuracy,0.5862068965517241,0.5862068965517241,0.5862068965517241,0.5862068965517241
macro avg,0.5603448275862069,0.5629652605459057,0.5606060606060607,145.0
weighted avg,0.5969084423305588,0.5862068965517241,0.5905956112852665,145.0
