,precision,recall,f1-score,support
0,0.7150837988826816,0.5541125541125541,0.624390243902439,231.0
1,0.4011627906976744,0.575,0.47260273972602734,120.0
accuracy,0.5612535612535613,0.5612535612535613,0.5612535612535613,0.5612535612535613
macro avg,0.558123294790178,0.5645562770562771,0.5484964918142332,351.0
weighted avg,0.6077603772809698,0.5612535612535613,0.5724970800814436,351.0
