,precision,recall,f1-score,support
0,0.8514851485148515,0.5972222222222222,0.7020408163265306,288.0
1,0.2214765100671141,0.5238095238095238,0.3113207547169812,63.0
accuracy,0.584045584045584,0.584045584045584,0.584045584045584,0.584045584045584
macro avg,0.5364808292909828,0.560515873015873,0.5066807855217559,351.0
weighted avg,0.7384066749473089,0.584045584045584,0.6319115744991756,351.0
