,precision,recall,f1-score,support
0,0.373134328358209,0.4807692307692308,0.42016806722689076,52.0
1,0.6538461538461539,0.5483870967741935,0.5964912280701755,93.0
accuracy,0.5241379310344828,0.5241379310344828,0.5241379310344828,0.5241379310344828
macro avg,0.5134902411021814,0.5145781637717122,0.5083296476485332,145.0
weighted avg,0.5531770853953046,0.5241379310344828,0.5332580945263768,145.0
