,precision,recall,f1-score,support
0,0.37662337662337664,0.5576923076923077,0.4496124031007752,52.0
1,0.6617647058823529,0.4838709677419355,0.5590062111801243,93.0
accuracy,0.5103448275862069,0.5103448275862069,0.5103448275862069,0.5103448275862069
macro avg,0.5191940412528648,0.5207816377171216,0.5043093071404497,145.0
weighted avg,0.5595071257343063,0.5103448275862069,0.5197753282827026,145.0
