,precision,recall,f1-score,support
0,0.5376344086021505,0.625,0.5780346820809248,80.0
1,0.6296296296296297,0.5425531914893617,0.5828571428571429,94.0
accuracy,0.5804597701149425,0.5804597701149425,0.5804597701149425,0.5804597701149425
macro avg,0.5836320191158901,0.5837765957446808,0.5804459124690338,174.0
weighted avg,0.5873329762836622,0.5804597701149425,0.5806399195117552,174.0
