,precision,recall,f1-score,support
0,0.9382716049382716,0.4840764331210191,0.6386554621848739,157.0
1,0.12903225806451613,0.7058823529411765,0.21818181818181817,17.0
accuracy,0.5057471264367817,0.5057471264367817,0.5057471264367817,0.5057471264367817
macro avg,0.5336519315013939,0.5949793930310978,0.428418640183346,174.0
weighted avg,0.8592079905885368,0.5057471264367817,0.5975747038627363,174.0
