,precision,recall,f1-score,support
0,0.9270833333333334,0.6691729323308271,0.7772925764192141,133.0
1,0.10204081632653061,0.4166666666666667,0.16393442622950824,12.0
accuracy,0.6482758620689655,0.6482758620689655,0.6482758620689655,0.6482758620689655
macro avg,0.514562074829932,0.5429197994987469,0.4706135013243612,145.0
weighted avg,0.8588039526155291,0.6482758620689655,0.7265319019207557,145.0
