,precision,recall,f1-score,support
0,0.5759162303664922,0.6666666666666666,0.6179775280898876,165.0
1,0.65625,0.5645161290322581,0.6069364161849712,186.0
accuracy,0.6125356125356125,0.6125356125356125,0.6125356125356125,0.6125356125356125
macro avg,0.6160831151832461,0.6155913978494624,0.6124569721374293,351.0
weighted avg,0.6184862621380945,0.6125356125356125,0.6121266824650601,351.0
