,precision,recall,f1-score,support
0,0.4444444444444444,0.55,0.4916201117318436,80.0
1,0.52,0.4148936170212766,0.4615384615384615,94.0
accuracy,0.47701149425287354,0.47701149425287354,0.47701149425287354,0.47701149425287354
macro avg,0.4822222222222222,0.4824468085106383,0.4765792866351526,174.0
weighted avg,0.48526181353767567,0.47701149425287354,0.4753691053055337,174.0
