,precision,recall,f1-score,support
0,0.48,0.6,0.5333333333333332,80.0
1,0.5675675675675675,0.44680851063829785,0.5,94.0
accuracy,0.5172413793103449,0.5172413793103449,0.5172413793103449,0.5172413793103449
macro avg,0.5237837837837838,0.5234042553191489,0.5166666666666666,174.0
weighted avg,0.5273066169617894,0.5172413793103449,0.5153256704980842,174.0
