,precision,recall,f1-score,support
0,0.37777777777777777,0.6538461538461539,0.4788732394366198,52.0
1,0.6727272727272727,0.3978494623655914,0.5,93.0
accuracy,0.4896551724137931,0.4896551724137931,0.4896551724137931,0.4896551724137931
macro avg,0.5252525252525253,0.5258478081058726,0.4894366197183099,145.0
weighted avg,0.5669522814350401,0.4896551724137931,0.49242350655658085,145.0
