,precision,recall,f1-score,support
0,0.9318181818181818,0.6165413533834586,0.7420814479638009,133.0
1,0.10526315789473684,0.5,0.17391304347826086,12.0
accuracy,0.6068965517241379,0.6068965517241379,0.6068965517241379,0.6068965517241379
macro avg,0.5185406698564593,0.5582706766917294,0.4579972457210309,145.0
weighted avg,0.8634136281141724,0.6068965517241379,0.6950606144891355,145.0
