,precision,recall,f1-score,support
0,0.7431693989071039,0.5887445887445888,0.6570048309178745,231.0
1,0.43452380952380953,0.6083333333333333,0.5069444444444445,120.0
accuracy,0.5954415954415955,0.5954415954415955,0.5954415954415955,0.5954415954415955
macro avg,0.5888466042154568,0.5985389610389611,0.5819746376811595,351.0
weighted avg,0.6376495392888836,0.5954415954415955,0.6057021346876421,351.0
