,precision,recall,f1-score,support
0,0.734375,0.4519230769230769,0.5595238095238095,104.0
1,0.4818181818181818,0.7571428571428571,0.5888888888888888,70.0
accuracy,0.5747126436781609,0.5747126436781609,0.5747126436781609,0.5747126436781609
macro avg,0.608096590909091,0.604532967032967,0.5742063492063492,174.0
weighted avg,0.6327716823406478,0.5747126436781609,0.5713373471994161,174.0
