,precision,recall,f1-score,support
0,0.6231884057971014,0.41346153846153844,0.4971098265895954,104.0
1,0.41904761904761906,0.6285714285714286,0.5028571428571429,70.0
accuracy,0.5,0.5,0.5,0.5
macro avg,0.5211180124223602,0.5210164835164834,0.4999834847233692,174.0
weighted avg,0.5410628019323671,0.5,0.4994219653179191,174.0
