,precision,recall,f1-score,support
0,0.7719298245614035,0.36363636363636365,0.49438202247191015,121.0
1,0.125,0.4583333333333333,0.19642857142857145,24.0
accuracy,0.3793103448275862,0.3793103448275862,0.3793103448275862,0.3793103448275862
macro avg,0.44846491228070173,0.4109848484848485,0.3454052969502408,145.0
weighted avg,0.6648517846339987,0.3793103448275862,0.4450655891957713,145.0
