,precision,recall,f1-score,support
0,0.9247311827956989,0.5477707006369427,0.688,157.0
1,0.12345679012345678,0.5882352941176471,0.20408163265306123,17.0
accuracy,0.5517241379310345,0.5517241379310345,0.5517241379310345,0.5517241379310345
macro avg,0.5240939864595778,0.5680029973772949,0.4460408163265306,174.0
weighted avg,0.8464457536265718,0.5517241379310345,0.6407206192821956,174.0
