,precision,recall,f1-score,support
0,0.5433070866141733,0.8625,0.6666666666666666,80.0
1,0.7659574468085106,0.3829787234042553,0.5106382978723404,94.0
accuracy,0.603448275862069,0.603448275862069,0.603448275862069,0.603448275862069
macro avg,0.654632266711342,0.6227393617021277,0.5886524822695035,174.0
weighted avg,0.6635894651099647,0.603448275862069,0.582375478927203,174.0
