,precision,recall,f1-score,support
0,0.5050505050505051,0.625,0.5586592178770949,80.0
1,0.6,0.4787234042553192,0.5325443786982249,94.0
accuracy,0.5459770114942529,0.5459770114942529,0.5459770114942529,0.5459770114942529
macro avg,0.5525252525252525,0.5518617021276596,0.54560179828766,174.0
weighted avg,0.5563450597933357,0.5459770114942529,0.5445512013091997,174.0
