,precision,recall,f1-score,support
0,0.5280898876404494,0.6527777777777778,0.5838509316770185,144.0
1,0.7109826589595376,0.5942028985507246,0.6473684210526316,207.0
accuracy,0.6182336182336182,0.6182336182336182,0.6182336182336182,0.6182336182336182
macro avg,0.6195362732999935,0.6234903381642511,0.6156096763648251,351.0
weighted avg,0.6359497271363219,0.6182336182336182,0.621309963872893,351.0
