,precision,recall,f1-score,support
0,0.7605633802816901,0.46956521739130436,0.5806451612903226,115.0
1,0.17567567567567569,0.43333333333333335,0.25000000000000006,30.0
accuracy,0.46206896551724136,0.46206896551724136,0.46206896551724136,0.46206896551724136
macro avg,0.4681195279786829,0.4514492753623188,0.41532258064516137,145.0
weighted avg,0.6395521310528596,0.46206896551724136,0.5122358175750835,145.0
