,precision,recall,f1-score,support
0,0.8157894736842105,0.5391304347826087,0.6492146596858638,115.0
1,0.2318840579710145,0.5333333333333333,0.3232323232323232,30.0
accuracy,0.5379310344827586,0.5379310344827586,0.5379310344827586,0.5379310344827586
macro avg,0.5238367658276125,0.536231884057971,0.4862234914590935,145.0
weighted avg,0.694981456640101,0.5379310344827586,0.5817700383506484,145.0
