,precision,recall,f1-score,support
0,0.41935483870967744,0.5,0.45614035087719296,52.0
1,0.6867469879518072,0.6129032258064516,0.6477272727272727,93.0
accuracy,0.5724137931034483,0.5724137931034483,0.5724137931034483,0.5724137931034483
macro avg,0.5530509133307423,0.5564516129032258,0.5519338118022328,145.0
weighted avg,0.5908546309822159,0.5724137931034483,0.5790202386844855,145.0
