,precision,recall,f1-score,support
0,0.7307692307692307,0.4956521739130435,0.5906735751295338,115.0
1,0.13432835820895522,0.3,0.18556701030927836,30.0
accuracy,0.45517241379310347,0.45517241379310347,0.45517241379310347,0.45517241379310347
macro avg,0.432548794489093,0.3978260869565218,0.38812029271940607,145.0
weighted avg,0.6073676709291737,0.45517241379310347,0.5068584237874119,145.0
