,precision,recall,f1-score,support
0,0.810126582278481,0.5565217391304348,0.6597938144329897,115.0
1,0.22727272727272727,0.5,0.3125,30.0
accuracy,0.5448275862068965,0.5448275862068965,0.5448275862068965,0.5448275862068965
macro avg,0.5186996547756041,0.5282608695652173,0.48614690721649484,145.0
weighted avg,0.6895361295186698,0.5448275862068965,0.5879399217916815,145.0
