,precision,recall,f1-score,support
0,0.6410256410256411,0.5208333333333334,0.5747126436781609,96.0
1,0.31343283582089554,0.42857142857142855,0.3620689655172414,49.0
accuracy,0.4896551724137931,0.4896551724137931,0.4896551724137931,0.4896551724137931
macro avg,0.4772292384232683,0.47470238095238093,0.4683908045977011,145.0
weighted avg,0.5303218654736926,0.4896551724137931,0.5028537455410226,145.0
