,precision,recall,f1-score,support
0,0.5909090909090909,0.5416666666666666,0.5652173913043478,96.0
1,0.22807017543859648,0.2653061224489796,0.24528301886792453,49.0
accuracy,0.4482758620689655,0.4482758620689655,0.4482758620689655,0.4482758620689655
macro avg,0.4094896331738437,0.4034863945578231,0.4052502050861362,145.0
weighted avg,0.4682945608535446,0.4482758620689655,0.45710163786031505,145.0
