frame,AU01_r,AU02_r,AU04_r,AU05_r,AU06_r,AU07_r,AU09_r,AU10_r,AU12_r,AU14_r,AU15_r,AU17_r,AU20_r,AU23_r,AU25_r,AU26_r,AU45_r,AU01_c,AU02_c,AU04_c,AU05_c,AU06_c,AU07_c,AU09_c,AU10_c,AU12_c,AU14_c,AU15_c,AU17_c,AU20_c,AU23_c,AU25_c,AU26_c,AU28_c,AU45_c
93,2.694520547945205,2.272602739726028,0.0078082191780821,0.0,0.0061643835616438,0.0334246575342466,0.0,0.1428767123287671,1.0946575342465752,0.0,0.0395890410958904,0.0367123287671233,0.0310958904109589,0.0,0.0090410958904109,0.1458904109589041,0.0057534246575342,1.0,1.0,0.0,1.0,0.0,0.0,0.0,0.0,1.0,0.0,1.0,1.0,0.0,0.0,0.0,0.0,0.0,0.0
137,0.82,0.14,0.21,0.13,0.25,1.3,0.0,1.65,1.26,0.0,0.54,2.11,0.18,0.33,0.0,0.05,0.0,1.0,1.0,0.0,1.0,0.0,0.0,0.0,0.0,1.0,0.0,1.0,1.0,0.0,0.0,0.0,0.0,0.0,0.0
138,1.36,0.49,0.14,0.13,0.19,1.03,0.0,1.68,1.32,0.01,0.77,1.82,0.13,0.11,0.0,0.19,0.0,1.0,1.0,0.0,1.0,0.0,0.0,0.0,0.0,1.0,0.0,1.0,1.0,0.0,0.0,0.0,0.0,0.0,0.0
139,1.77,0.9,0.0,0.0,0.08,0.6,0.0,1.53,1.3,0.01,0.79,1.56,0.02,0.0,0.0,0.34,0.07,1.0,1.0,0.0,1.0,0.0,0.0,0.0,0.0,1.0,0.0,1.0,1.0,0.0,0.0,0.0,0.0,0.0,0.0
140,1.46,1.12,0.0,0.0,0.04,0.34,0.0,1.39,1.18,0.26,0.65,1.34,0.01,0.0,0.0,0.5,0.11,1.0,1.0,0.0,1.0,0.0,0.0,0.0,0.0,1.0,0.0,1.0,1.0,0.0,0.0,0.0,0.0,0.0,0.0
141,0.92,1.03,0.08,0.07,0.02,0.14,0.0,1.08,1.02,0.5,0.34,1.17,0.0,0.0,0.05,0.49,0.32,1.0,1.0,0.0,1.0,0.0,0.0,0.0,0.0,1.0,0.0,1.0,1.0,0.0,0.0,0.0,0.0,0.0,0.0
