,precision,recall,f1-score,support
0,0.7818181818181819,0.6466165413533834,0.7078189300411523,133.0
1,0.265625,0.4146341463414634,0.3238095238095238,41.0
accuracy,0.5919540229885057,0.5919540229885057,0.5919540229885057,0.5919540229885057
macro avg,0.5237215909090909,0.5306253438474234,0.5158142269253381,174.0
weighted avg,0.6601864550679206,0.5919540229885057,0.6173339550095617,174.0
