,precision,recall,f1-score,support
0,0.5202312138728323,0.625,0.5678233438485805,144.0
1,0.6966292134831461,0.5990338164251208,0.6441558441558441,207.0
accuracy,0.6096866096866097,0.6096866096866097,0.6096866096866097,0.6096866096866097
macro avg,0.6084302136779892,0.6120169082125604,0.6059895940022123,351.0
weighted avg,0.6242608033866072,0.6096866096866097,0.6128399465938899,351.0
