,precision,recall,f1-score,support
0,0.6222222222222222,0.7,0.6588235294117647,80.0
1,0.7142857142857143,0.6382978723404256,0.6741573033707866,94.0
accuracy,0.6666666666666666,0.6666666666666666,0.6666666666666666,0.6666666666666666
macro avg,0.6682539682539683,0.6691489361702128,0.6664904163912757,174.0
weighted avg,0.6719576719576719,0.6666666666666666,0.6671072923551443,174.0
