,precision,recall,f1-score,support
0,0.8688524590163934,0.4380165289256198,0.5824175824175823,121.0
1,0.19047619047619047,0.6666666666666666,0.2962962962962963,24.0
accuracy,0.47586206896551725,0.47586206896551725,0.47586206896551725,0.47586206896551725
macro avg,0.529664324746292,0.5523415977961432,0.4393569393569393,145.0
weighted avg,0.7565694904304288,0.47586206896551725,0.5350595764388867,145.0
