,precision,recall,f1-score,support
0,0.8611111111111112,0.32517482517482516,0.4720812182741117,286.0
1,0.205761316872428,0.7692307692307693,0.3246753246753247,65.0
accuracy,0.4074074074074074,0.4074074074074074,0.4074074074074074,0.4074074074074074
macro avg,0.5334362139917695,0.5472027972027972,0.39837827147471816,351.0
weighted avg,0.7397500381039477,0.4074074074074074,0.44478383057063253,351.0
