,precision,recall,f1-score,support
0,0.8082901554404145,0.5454545454545454,0.651356993736952,286.0
1,0.17721518987341772,0.4307692307692308,0.25112107623318386,65.0
accuracy,0.5242165242165242,0.5242165242165242,0.5242165242165242,0.5242165242165242
macro avg,0.49275267265691614,0.4881118881118881,0.4512390349850679,351.0
weighted avg,0.6914244210761559,0.5242165242165242,0.5772392312362542,351.0
