,precision,recall,f1-score,support
0,0.824390243902439,0.6123188405797102,0.7027027027027027,276.0
1,0.2671232876712329,0.52,0.3529411764705883,75.0
accuracy,0.5925925925925926,0.5925925925925926,0.5925925925925926,0.5925925925925926
macro avg,0.545756765786836,0.5661594202898551,0.5278219395866455,351.0
weighted avg,0.7053161079556002,0.5925925925925927,0.6279673338496868,351.0
