,precision,recall,f1-score,support
0,0.8181818181818182,0.5472972972972973,0.6558704453441295,148.0
1,0.10666666666666667,0.3076923076923077,0.15841584158415845,26.0
accuracy,0.5114942528735632,0.5114942528735632,0.5114942528735632,0.5114942528735632
macro avg,0.46242424242424246,0.4274948024948025,0.407143143464144,174.0
weighted avg,0.7118634622082899,0.5114942528735632,0.5815381482305706,174.0
