,precision,recall,f1-score,support
0,0.845360824742268,0.5540540540540541,0.6693877551020408,148.0
1,0.14285714285714285,0.4230769230769231,0.21359223300970873,26.0
accuracy,0.5344827586206896,0.5344827586206896,0.5344827586206896,0.5344827586206896
macro avg,0.49410898379970547,0.48856548856548854,0.4414899940558748,174.0
weighted avg,0.7403890102077091,0.5344827586206896,0.6012803782376693,174.0
