,precision,recall,f1-score,support
0,0.8235294117647058,0.47058823529411764,0.5989304812834225,119.0
1,0.18181818181818182,0.5384615384615384,0.2718446601941748,26.0
accuracy,0.4827586206896552,0.4827586206896552,0.4827586206896552,0.4827586206896552
macro avg,0.5026737967914439,0.504524886877828,0.43538757073879863,145.0
weighted avg,0.7084639498432602,0.4827586206896552,0.5402806099156954,145.0
