,precision,recall,f1-score,support
0,0.8352941176470589,0.5966386554621849,0.696078431372549,119.0
1,0.2,0.46153846153846156,0.27906976744186046,26.0
accuracy,0.5724137931034483,0.5724137931034483,0.5724137931034483,0.5724137931034483
macro avg,0.5176470588235295,0.5290885585003232,0.48757409940720475,145.0
weighted avg,0.7213793103448276,0.5724137931034483,0.6213044640470462,145.0
