,precision,recall,f1-score,support
0,0.8351648351648352,0.5135135135135135,0.6359832635983264,148.0
1,0.13253012048192772,0.4230769230769231,0.2018348623853211,26.0
accuracy,0.5,0.5,0.5,0.5
macro avg,0.48384747782338144,0.46829521829521825,0.41890906299182373,174.0
weighted avg,0.7301734410168146,0.5,0.5711105139917854,174.0
