,precision,recall,f1-score,support
0,0.7569060773480663,0.5930735930735931,0.6650485436893204,231.0
1,0.4470588235294118,0.6333333333333333,0.5241379310344828,120.0
accuracy,0.6068376068376068,0.6068376068376068,0.6068376068376068,0.6068376068376068
macro avg,0.601982450438739,0.6132034632034632,0.5945932373619016,351.0
weighted avg,0.6509753922818596,0.6068376068376068,0.6168739752603162,351.0
