,precision,recall,f1-score,support
0,0.5480225988700564,0.6736111111111112,0.6043613707165109,144.0
1,0.7298850574712644,0.6135265700483091,0.6666666666666667,207.0
accuracy,0.6381766381766382,0.6381766381766382,0.6381766381766382,0.6381766381766382
macro avg,0.6389538281706604,0.6435688405797102,0.6355140186915889,351.0
weighted avg,0.6552748180451279,0.6381766381766382,0.6411055196101926,351.0
