,precision,recall,f1-score,support
0,0.46153846153846156,0.5769230769230769,0.5128205128205129,52.0
1,0.725,0.6236559139784946,0.6705202312138728,93.0
accuracy,0.6068965517241379,0.6068965517241379,0.6068965517241379,0.6068965517241379
macro avg,0.5932692307692308,0.6002894954507858,0.5916703720171929,145.0
weighted avg,0.6305172413793103,0.6068965517241379,0.6139658494452196,145.0
