,precision,recall,f1-score,support
0,0.42857142857142855,0.5769230769230769,0.4918032786885245,52.0
1,0.7066666666666667,0.5698924731182796,0.630952380952381,93.0
accuracy,0.5724137931034483,0.5724137931034483,0.5724137931034483,0.5724137931034483
macro avg,0.5676190476190476,0.5734077750206783,0.5613778298204528,145.0
weighted avg,0.606935960591133,0.5724137931034483,0.5810506339336188,145.0
