,precision,recall,f1-score,support
0,0.9019607843137255,0.5859872611464968,0.7104247104247103,157.0
1,0.09722222222222222,0.4117647058823529,0.15730337078651685,17.0
accuracy,0.5689655172413793,0.5689655172413793,0.5689655172413793,0.5689655172413793
macro avg,0.49959150326797386,0.49887598351442486,0.43386404060561357,174.0
weighted avg,0.8233369018105327,0.5689655172413793,0.6563841197704041,174.0
