,precision,recall,f1-score,support
0,0.9036144578313253,0.47770700636942676,0.625,157.0
1,0.0989010989010989,0.5294117647058824,0.16666666666666669,17.0
accuracy,0.4827586206896552,0.4827586206896552,0.4827586206896552,0.4827586206896552
macro avg,0.5012577783662121,0.5035593855376546,0.39583333333333337,174.0
weighted avg,0.8249930377059583,0.4827586206896552,0.58022030651341,174.0
