,precision,recall,f1-score,support
0,0.9346733668341709,0.577639751552795,0.7140115163147794,322.0
1,0.10526315789473684,0.5517241379310345,0.17679558011049723,29.0
accuracy,0.5754985754985755,0.5754985754985755,0.5754985754985755,0.5754985754985755
macro avg,0.5199682623644539,0.5646819447419147,0.44540354821263833,351.0
weighted avg,0.8661465974346165,0.5754985754985755,0.6696261540642832,351.0
