,precision,recall,f1-score,support
0,1.0,0.013986013986013986,0.027586206896551724,286.0
1,0.1873198847262248,1.0,0.3155339805825243,65.0
accuracy,0.19658119658119658,0.19658119658119658,0.19658119658119658,0.19658119658119658
macro avg,0.5936599423631124,0.506993006993007,0.171560093739538,351.0
weighted avg,0.8495036823567084,0.19658119658119658,0.08090986869025035,351.0
