,precision,recall,f1-score,support
0,0.8426395939086294,0.6014492753623188,0.7019027484143763,276.0
1,0.2857142857142857,0.5866666666666667,0.38427947598253276,75.0
accuracy,0.5982905982905983,0.5982905982905983,0.5982905982905983,0.5982905982905983
macro avg,0.5641769398114576,0.5940579710144928,0.5430911121984545,351.0
weighted avg,0.7236384596790687,0.5982905982905983,0.6340345278092815,351.0
