,precision,recall,f1-score,support
0,0.7027027027027027,0.8125,0.7536231884057971,96.0
1,0.47058823529411764,0.32653061224489793,0.38554216867469876,49.0
accuracy,0.6482758620689655,0.6482758620689655,0.6482758620689655,0.6482758620689655
macro avg,0.5866454689984102,0.5695153061224489,0.5695826785402479,145.0
weighted avg,0.6242640206129051,0.6482758620689655,0.6292371886345984,145.0
