,precision,recall,f1-score,support
0,0.7115384615384616,0.7708333333333334,0.74,96.0
1,0.4634146341463415,0.3877551020408163,0.4222222222222223,49.0
accuracy,0.6413793103448275,0.6413793103448275,0.6413793103448275,0.6413793103448275
macro avg,0.5874765478424016,0.5792942176870748,0.5811111111111111,145.0
weighted avg,0.6276897198680209,0.6413793103448275,0.6326130268199234,145.0
