,precision,recall,f1-score,support
0,0.7162162162162162,0.5520833333333334,0.6235294117647059,96.0
1,0.39436619718309857,0.5714285714285714,0.4666666666666667,49.0
accuracy,0.5586206896551724,0.5586206896551724,0.5586206896551724,0.5586206896551724
macro avg,0.5552912066996574,0.5617559523809523,0.5450980392156863,145.0
weighted avg,0.6074531063360592,0.5586206896551724,0.5705206220419202,145.0
