,precision,recall,f1-score,support
0,0.8681318681318682,0.5448275862068965,0.6694915254237288,145.0
1,0.20481927710843373,0.5862068965517241,0.30357142857142855,29.0
accuracy,0.5517241379310345,0.5517241379310345,0.5517241379310345,0.5517241379310345
macro avg,0.5364755726201509,0.5655172413793104,0.4865314769975787,174.0
weighted avg,0.7575797696279624,0.5517241379310345,0.6085048426150121,174.0
