,precision,recall,f1-score,support
0,0.85,0.11486486486486487,0.20238095238095238,148.0
1,0.14935064935064934,0.8846153846153846,0.25555555555555554,26.0
accuracy,0.22988505747126436,0.22988505747126436,0.22988505747126436,0.22988505747126436
macro avg,0.49967532467532466,0.49974012474012475,0.22896825396825396,174.0
weighted avg,0.7453052694432004,0.22988505747126436,0.21032658274037583,174.0
