,precision,recall,f1-score,support
0,0.88,0.14864864864864866,0.2543352601156069,148.0
1,0.15436241610738255,0.8846153846153846,0.2628571428571428,26.0
accuracy,0.25862068965517243,0.25862068965517243,0.25862068965517243,0.25862068965517243
macro avg,0.5171812080536913,0.5166320166320166,0.25859620148637485,174.0
weighted avg,0.7715713955102986,0.25862068965517243,0.2556086448930778,174.0
