,precision,recall,f1-score,support
0,0.6081081081081081,0.4326923076923077,0.5056179775280899,104.0
1,0.41,0.5857142857142857,0.48235294117647054,70.0
accuracy,0.4942528735632184,0.4942528735632184,0.4942528735632184,0.4942528735632184
macro avg,0.509054054054054,0.5092032967032967,0.4939854593522802,174.0
weighted avg,0.5284094439266853,0.4942528735632184,0.49625848014525453,174.0
