,precision,recall,f1-score,support
0,0.42391304347826086,0.5416666666666666,0.47560975609756095,72.0
1,0.5975609756097561,0.4803921568627451,0.532608695652174,102.0
accuracy,0.5057471264367817,0.5057471264367817,0.5057471264367817,0.5057471264367817
macro avg,0.5107370095440085,0.5110294117647058,0.5041092258748674,174.0
weighted avg,0.525706658865689,0.5057471264367817,0.50902292756061,174.0
