,precision,recall,f1-score,support
0,0.3595505617977528,0.4444444444444444,0.39751552795031053,72.0
1,0.5294117647058824,0.4411764705882353,0.48128342245989303,102.0
accuracy,0.4425287356321839,0.4425287356321839,0.4425287356321839,0.4425287356321839
macro avg,0.4444811632518176,0.44281045751633985,0.4393994752051018,174.0
weighted avg,0.45912437039907017,0.4425287356321839,0.44662084542144515,174.0
