,precision,recall,f1-score,support
0,0.8640776699029126,0.6013513513513513,0.7091633466135457,148.0
1,0.16901408450704225,0.46153846153846156,0.24742268041237112,26.0
accuracy,0.5804597701149425,0.5804597701149425,0.5804597701149425,0.5804597701149425
macro avg,0.5165458772049774,0.5314449064449065,0.47829301351295844,174.0
weighted avg,0.7602175939242193,0.5804597701149425,0.6401676148823358,174.0
