,precision,recall,f1-score,support
0,0.8924731182795699,0.5608108108108109,0.6887966804979253,148.0
1,0.19753086419753085,0.6153846153846154,0.2990654205607477,26.0
accuracy,0.5689655172413793,0.5689655172413793,0.5689655172413793,0.5689655172413793
macro avg,0.5450019912385504,0.5880977130977132,0.4939310505293365,174.0
weighted avg,0.7886311722673112,0.5689655172413793,0.6305609749900711,174.0
