,precision,recall,f1-score,support
0,0.8284023668639053,0.4861111111111111,0.612691466083151,288.0
1,0.18681318681318682,0.5396825396825397,0.27755102040816326,63.0
accuracy,0.49572649572649574,0.49572649572649574,0.49572649572649574,0.49572649572649574
macro avg,0.5076077768385461,0.5128968253968254,0.4451212432456571,351.0
weighted avg,0.7132453345471097,0.49572649572649574,0.5525380527568711,351.0
