,precision,recall,f1-score,support
0,0.7894736842105263,0.5208333333333334,0.6276150627615064,288.0
1,0.14285714285714285,0.36507936507936506,0.20535714285714285,63.0
accuracy,0.4928774928774929,0.4928774928774929,0.4928774928774929,0.4928774928774929
macro avg,0.46616541353383456,0.4429563492063492,0.41648610280932463,351.0
weighted avg,0.6734143049932524,0.4928774928774929,0.5518251797017488,351.0
