,precision,recall,f1-score,support
0,0.5822222222222222,0.793939393939394,0.6717948717948719,165.0
1,0.7301587301587301,0.4946236559139785,0.5897435897435896,186.0
accuracy,0.6353276353276354,0.6353276353276354,0.6353276353276354,0.6353276353276354
macro avg,0.6561904761904762,0.6442815249266862,0.6307692307692307,351.0
weighted avg,0.6606159272825939,0.6353276353276354,0.6283147052377822,351.0
