,precision,recall,f1-score,support
0,0.5195530726256983,0.5636363636363636,0.5406976744186046,165.0
1,0.5813953488372093,0.5376344086021505,0.5586592178770949,186.0
accuracy,0.5498575498575499,0.5498575498575499,0.5498575498575499,0.5498575498575499
macro avg,0.5504742107314538,0.550635386119257,0.5496784461478498,351.0
weighted avg,0.5523241933531657,0.5498575498575499,0.5502157572769499,351.0
