,precision,recall,f1-score,support
0,0.8102564102564103,0.572463768115942,0.6709129511677282,276.0
1,0.24358974358974358,0.5066666666666667,0.329004329004329,75.0
accuracy,0.5584045584045584,0.5584045584045584,0.5584045584045584,0.5584045584045584
macro avg,0.5269230769230769,0.5395652173913044,0.49995864008602864,351.0
weighted avg,0.6891737891737892,0.5584045584045584,0.597855553269566,351.0
