,precision,recall,f1-score,support
0,0.7853403141361257,0.5434782608695652,0.6423982869379015,276.0
1,0.2125,0.4533333333333333,0.2893617021276596,75.0
accuracy,0.5242165242165242,0.5242165242165242,0.5242165242165242,0.5242165242165242
macro avg,0.49892015706806286,0.4984057971014493,0.4658799945327805,351.0
weighted avg,0.6629385376113125,0.5242165242165242,0.5669631192434054,351.0
