,precision,recall,f1-score,support
0,0.9125,0.46496815286624205,0.6160337552742615,157.0
1,0.10638297872340426,0.5882352941176471,0.18018018018018017,17.0
accuracy,0.47701149425287354,0.47701149425287354,0.47701149425287354,0.47701149425287354
macro avg,0.5094414893617021,0.5266017234919446,0.3981069677272209,174.0
weighted avg,0.8337414404499877,0.47701149425287354,0.573450360006449,174.0
