,precision,recall,f1-score,support
0,0.9111111111111111,0.2611464968152866,0.4059405940594059,157.0
1,0.10077519379844961,0.7647058823529411,0.17808219178082194,17.0
accuracy,0.3103448275862069,0.3103448275862069,0.3103448275862069,0.3103448275862069
macro avg,0.5059431524547804,0.5129261895841138,0.2920113929201139,174.0
weighted avg,0.8319403605690695,0.3103448275862069,0.3836785662505788,174.0
