,precision,recall,f1-score,support
0,0.9157894736842105,0.554140127388535,0.6904761904761906,157.0
1,0.11392405063291139,0.5294117647058824,0.18749999999999997,17.0
accuracy,0.5517241379310345,0.5517241379310345,0.5517241379310345,0.5517241379310345
macro avg,0.5148567621585609,0.5417759460472087,0.4389880952380953,174.0
weighted avg,0.8374463001677043,0.5517241379310345,0.6413348385331146,174.0
