,precision,recall,f1-score,support
0,0.8878504672897196,0.6050955414012739,0.7196969696969696,157.0
1,0.07462686567164178,0.29411764705882354,0.11904761904761904,17.0
accuracy,0.5747126436781609,0.5747126436781609,0.5747126436781609,0.5747126436781609
macro avg,0.4812386664806807,0.4496065942300487,0.41937229437229434,174.0
weighted avg,0.8083975866718616,0.5747126436781609,0.6610128377369756,174.0
