,precision,recall,f1-score,support
0,0.8219895287958116,0.5688405797101449,0.6723768736616702,276.0
1,0.25625,0.5466666666666666,0.3489361702127659,75.0
accuracy,0.5641025641025641,0.5641025641025641,0.5641025641025641,0.5641025641025641
macro avg,0.5391197643979058,0.5577536231884057,0.5106565219372181,351.0
weighted avg,0.7011050140958518,0.5641025641025641,0.6032656122409642,351.0
