,precision,recall,f1-score,support
0,0.7865168539325843,0.5072463768115942,0.6167400881057268,276.0
1,0.2138728323699422,0.49333333333333335,0.29838709677419356,75.0
accuracy,0.5042735042735043,0.5042735042735043,0.5042735042735043,0.5042735042735043
macro avg,0.5001948431512633,0.5002898550724638,0.45756359243996014,351.0
weighted avg,0.6641570202653531,0.5042735042735043,0.5487159446588179,351.0
