,precision,recall,f1-score,support
0,0.7843137254901961,0.27586206896551724,0.40816326530612246,145.0
1,0.14634146341463414,0.6206896551724138,0.23684210526315788,29.0
accuracy,0.3333333333333333,0.3333333333333333,0.3333333333333333,0.3333333333333333
macro avg,0.4653275944524151,0.4482758620689655,0.32250268528464016,174.0
weighted avg,0.6779850151442691,0.3333333333333333,0.379609738632295,174.0
