,precision,recall,f1-score,support
0,0.8440366972477065,0.6344827586206897,0.7244094488188976,145.0
1,0.18461538461538463,0.41379310344827586,0.25531914893617025,29.0
accuracy,0.5977011494252874,0.5977011494252874,0.5977011494252874,0.5977011494252874
macro avg,0.5143260409315455,0.5241379310344828,0.4898642988775339,174.0
weighted avg,0.7341331451423194,0.5977011494252874,0.6462277321717764,174.0
