,precision,recall,f1-score,support
0,0.8248847926267281,0.6485507246376812,0.7261663286004056,276.0
1,0.27611940298507465,0.49333333333333335,0.354066985645933,75.0
accuracy,0.6153846153846154,0.6153846153846154,0.6153846153846154,0.6153846153846154
macro avg,0.5505020978059014,0.5709420289855073,0.5401166571231693,351.0
weighted avg,0.7076272307374859,0.6153846153846154,0.646657921986202,351.0
