,precision,recall,f1-score,support
0,0.934010152284264,0.5714285714285714,0.7090558766859345,322.0
1,0.1038961038961039,0.5517241379310345,0.17486338797814208,29.0
accuracy,0.5698005698005698,0.5698005698005698,0.5698005698005698,0.5698005698005698
macro avg,0.5189531280901839,0.5615763546798029,0.4419596323320383,351.0
weighted avg,0.8654252309074646,0.5698005698005698,0.6649203149408462,351.0
