,precision,recall,f1-score,support
0,0.9319371727748691,0.5527950310559007,0.6939571150097466,322.0
1,0.1,0.5517241379310345,0.16931216931216933,29.0
accuracy,0.5527065527065527,0.5527065527065527,0.5527065527065527,0.5527065527065527
macro avg,0.5159685863874346,0.5522595844934676,0.4316346421609579,351.0
weighted avg,0.8632016228874867,0.5527065527065527,0.6506103816045337,351.0
