,precision,recall,f1-score,support
0,0.845360824742268,0.5734265734265734,0.6833333333333333,286.0
1,0.2229299363057325,0.5384615384615384,0.3153153153153153,65.0
accuracy,0.5669515669515669,0.5669515669515669,0.5669515669515669,0.5669515669515669
macro avg,0.5341453805240003,0.5559440559440559,0.49932432432432433,351.0
weighted avg,0.7300958454021689,0.5669515669515669,0.6151818485151819,351.0
