,precision,recall,f1-score,support
0,0.45525291828793774,0.8125,0.5835411471321696,144.0
1,0.7127659574468085,0.32367149758454106,0.4451827242524917,207.0
accuracy,0.5242165242165242,0.5242165242165242,0.5242165242165242,0.5242165242165242
macro avg,0.5840094378673731,0.5680857487922706,0.5143619356923307,351.0
weighted avg,0.6071195824072718,0.5242165242165242,0.5019451541518467,351.0
