,precision,recall,f1-score,support
0,0.42196531791907516,0.5069444444444444,0.4605678233438485,144.0
1,0.601123595505618,0.5169082125603864,0.5558441558441558,207.0
accuracy,0.5128205128205128,0.5128205128205128,0.5128205128205128,0.5128205128205128
macro avg,0.5115444567123466,0.5119263285024154,0.5082059895940021,351.0
weighted avg,0.5276227636752414,0.5128205128205128,0.5167564296901836,351.0
