,precision,recall,f1-score,support
0,0.6491228070175439,0.6727272727272727,0.6607142857142858,165.0
1,0.7,0.6774193548387096,0.6885245901639343,186.0
accuracy,0.6752136752136753,0.6752136752136753,0.6752136752136753,0.6752136752136753
macro avg,0.6745614035087719,0.6750733137829912,0.6746194379391101,351.0
weighted avg,0.6760833708202129,0.6752136752136753,0.6754513701235012,351.0
