,precision,recall,f1-score,support
0,0.49473684210526314,0.6527777777777778,0.5628742514970059,72.0
1,0.6835443037974683,0.5294117647058824,0.5966850828729282,102.0
accuracy,0.5804597701149425,0.5804597701149425,0.5804597701149425,0.5804597701149425
macro avg,0.5891405729513657,0.5910947712418301,0.5797796671849671,174.0
weighted avg,0.6054170782696593,0.5804597701149425,0.582694394027719,174.0
