,precision,recall,f1-score,support
0,0.8133333333333334,0.5126050420168067,0.6288659793814433,119.0
1,0.17142857142857143,0.46153846153846156,0.25000000000000006,26.0
accuracy,0.503448275862069,0.503448275862069,0.503448275862069,0.503448275862069
macro avg,0.49238095238095236,0.4870717517776341,0.43943298969072164,145.0
weighted avg,0.6982331691297209,0.503448275862069,0.5609313899751155,145.0
