,precision,recall,f1-score,support
0,0.7009345794392523,0.78125,0.7389162561576355,96.0
1,0.4473684210526316,0.3469387755102041,0.39080459770114945,49.0
accuracy,0.6344827586206897,0.6344827586206897,0.6344827586206897,0.6344827586206897
macro avg,0.574151500245942,0.564094387755102,0.5648604269293924,145.0
weighted avg,0.6152467052258426,0.6344827586206897,0.6212785232999264,145.0
