,precision,recall,f1-score,support
0,0.8936170212765957,0.535031847133758,0.6693227091633466,157.0
1,0.0875,0.4117647058823529,0.14432989690721648,17.0
accuracy,0.5229885057471264,0.5229885057471264,0.5229885057471264,0.5229885057471264
macro avg,0.49055851063829786,0.47339827650805544,0.40682630303528156,174.0
weighted avg,0.8148584617265836,0.5229885057471264,0.6180303079659086,174.0
