,precision,recall,f1-score,support
0,0.8928571428571429,0.47770700636942676,0.6224066390041494,157.0
1,0.08888888888888889,0.47058823529411764,0.14953271028037385,17.0
accuracy,0.47701149425287354,0.47701149425287354,0.47701149425287354,0.47701149425287354
macro avg,0.4908730158730159,0.4741476208317722,0.3859696746422616,174.0
weighted avg,0.8143085203430033,0.47701149425287354,0.5762063126345851,174.0
