,precision,recall,f1-score,support
0,0.37373737373737376,0.5138888888888888,0.43274853801169594,72.0
1,0.5333333333333333,0.39215686274509803,0.4519774011299435,102.0
accuracy,0.4425287356321839,0.4425287356321839,0.4425287356321839,0.4425287356321839
macro avg,0.45353535353535357,0.4530228758169934,0.4423629695708197,174.0
weighted avg,0.4672936259143156,0.4425287356321839,0.4440206301844617,174.0
