,precision,recall,f1-score,support
0,0.9282700421940928,0.6832298136645962,0.7871198568872987,322.0
1,0.10526315789473684,0.41379310344827586,0.1678321678321678,29.0
accuracy,0.6609686609686609,0.6609686609686609,0.6609686609686609,0.6609686609686609
macro avg,0.5167666000444149,0.548511458556436,0.47747601235973325,351.0
weighted avg,0.8602723224086758,0.6609686609686609,0.7359536375636554,351.0
