,precision,recall,f1-score,support
0,0.5,0.7361111111111112,0.5955056179775281,72.0
1,0.7205882352941176,0.4803921568627451,0.5764705882352942,102.0
accuracy,0.5862068965517241,0.5862068965517241,0.5862068965517241,0.5862068965517241
macro avg,0.6102941176470589,0.6082516339869282,0.5859881031064111,174.0
weighted avg,0.6293103448275862,0.5862068965517241,0.5843471522665634,174.0
