,precision,recall,f1-score,support
0,0.5595238095238095,0.8545454545454545,0.6762589928057554,165.0
1,0.7575757575757576,0.4032258064516129,0.5263157894736842,186.0
accuracy,0.6153846153846154,0.6153846153846154,0.6153846153846154,0.6153846153846154
macro avg,0.6585497835497836,0.6288856304985337,0.6012873911397199,351.0
weighted avg,0.6644744144744145,0.6153846153846154,0.5968019106981621,351.0
