,precision,recall,f1-score,support
0,0.8597560975609756,0.4895833333333333,0.6238938053097345,288.0
1,0.21390374331550802,0.6349206349206349,0.32,63.0
accuracy,0.5156695156695157,0.5156695156695157,0.5156695156695157,0.5156695156695157
macro avg,0.5368299204382418,0.5622519841269841,0.4719469026548673,351.0
weighted avg,0.7438338801323019,0.5156695156695157,0.5693487633310642,351.0
