,precision,recall,f1-score,support
0,0.8372093023255814,0.496551724137931,0.6233766233766234,145.0
1,0.17045454545454544,0.5172413793103449,0.25641025641025644,29.0
accuracy,0.5,0.5,0.5,0.5
macro avg,0.5038319238900635,0.506896551724138,0.4398934398934399,174.0
weighted avg,0.7260835095137421,0.5,0.5622155622155621,174.0
