,precision,recall,f1-score,support
0,0.9305555555555556,0.4267515923566879,0.5851528384279476,157.0
1,0.11764705882352941,0.7058823529411765,0.20168067226890757,17.0
accuracy,0.4540229885057471,0.4540229885057471,0.4540229885057471,0.4540229885057471
macro avg,0.5241013071895425,0.5663169726489322,0.39341675534842757,174.0
weighted avg,0.8511334610472542,0.4540229885057471,0.5476871670216047,174.0
