,precision,recall,f1-score,support
0,0.8415841584158416,0.5743243243243243,0.6827309236947791,148.0
1,0.136986301369863,0.38461538461538464,0.202020202020202,26.0
accuracy,0.5459770114942529,0.5459770114942529,0.5459770114942529,0.5459770114942529
macro avg,0.4892852298928523,0.47946985446985446,0.4423755628574905,174.0
weighted avg,0.7362994211560976,0.5459770114942529,0.6109005859732904,174.0
