,precision,recall,f1-score,support
0,0.851063829787234,0.5405405405405406,0.6611570247933884,148.0
1,0.15,0.46153846153846156,0.22641509433962265,26.0
accuracy,0.5287356321839081,0.5287356321839081,0.5287356321839081,0.5287356321839081
macro avg,0.500531914893617,0.501039501039501,0.4437860595665055,174.0
weighted avg,0.7463071655661532,0.5287356321839081,0.5961955869094924,174.0
