,precision,recall,f1-score,support
0,0.5597826086956522,0.6242424242424243,0.5902578796561606,165.0
1,0.6287425149700598,0.5645161290322581,0.594900849858357,186.0
accuracy,0.5925925925925926,0.5925925925925926,0.5925925925925926,0.5925925925925926
macro avg,0.5942625618328561,0.5943792766373412,0.5925793647572588,351.0
weighted avg,0.596325465012005,0.5925925925925926,0.5927182570282646,351.0
