,precision,recall,f1-score,support
0,0.9230769230769231,0.4585987261146497,0.6127659574468085,157.0
1,0.11458333333333333,0.6470588235294118,0.19469026548672563,17.0
accuracy,0.47701149425287354,0.47701149425287354,0.47701149425287354,0.47701149425287354
macro avg,0.5188301282051282,0.5528287748220307,0.40372811146676707,174.0
weighted avg,0.8440861700559976,0.47701149425287354,0.5719194817955361,174.0
