,precision,recall,f1-score,support
0,0.6901408450704225,0.5104166666666666,0.5868263473053892,96.0
1,0.36486486486486486,0.5510204081632653,0.4390243902439024,49.0
accuracy,0.5241379310344828,0.5241379310344828,0.5241379310344828,0.5241379310344828
macro avg,0.5275028549676437,0.5307185374149659,0.5129253687746458,145.0
weighted avg,0.580219996587165,0.5241379310344828,0.5368794790570246,145.0
