,precision,recall,f1-score,support
0,0.8157894736842105,0.5210084033613446,0.635897435897436,119.0
1,0.17391304347826086,0.46153846153846156,0.25263157894736843,26.0
accuracy,0.5103448275862069,0.5103448275862069,0.5103448275862069,0.5103448275862069
macro avg,0.4948512585812357,0.49127343244990307,0.4442645074224022,145.0
weighted avg,0.7006943896472816,0.5103448275862069,0.567173902927079,145.0
