,precision,recall,f1-score,support
0,0.90625,0.48739495798319327,0.633879781420765,119.0
1,0.24691358024691357,0.7692307692307693,0.37383177570093457,26.0
accuracy,0.5379310344827586,0.5379310344827586,0.5379310344827586,0.5379310344827586
macro avg,0.5765817901234568,0.6283128636069812,0.5038557785608497,145.0
weighted avg,0.7880241592166879,0.5379310344827586,0.587250483843416,145.0
