,precision,recall,f1-score,support
0,0.6578947368421053,0.5411255411255411,0.5938242280285035,231.0
1,0.3416149068322981,0.4583333333333333,0.39145907473309605,120.0
accuracy,0.5128205128205128,0.5128205128205128,0.5128205128205128,0.5128205128205128
macro avg,0.4997548218372017,0.4997294372294372,0.4926416513807998,351.0
weighted avg,0.549764880428496,0.5128205128205128,0.5246395602352019,351.0
