,precision,recall,f1-score,support
0,0.6504854368932039,0.5800865800865801,0.6132723112128147,231.0
1,0.3310344827586207,0.4,0.3622641509433962,120.0
accuracy,0.5185185185185185,0.5185185185185185,0.5185185185185185,0.5185185185185185
macro avg,0.4907599598259123,0.49004329004329006,0.4877682310781054,351.0
weighted avg,0.5412714354796712,0.5185185185185185,0.5274575555651503,351.0
