,precision,recall,f1-score,support
0,0.8421052631578947,0.6722689075630253,0.7476635514018692,119.0
1,0.22,0.4230769230769231,0.28947368421052627,26.0
accuracy,0.6275862068965518,0.6275862068965518,0.6275862068965518,0.6275862068965518
macro avg,0.5310526315789473,0.5476729153199742,0.5185686178061978,145.0
weighted avg,0.7305553539019963,0.6275862068965518,0.6655053683192836,145.0
