,precision,recall,f1-score,support
0,0.9076923076923077,0.5130434782608696,0.6555555555555556,115.0
1,0.3,0.8,0.4363636363636363,30.0
accuracy,0.5724137931034483,0.5724137931034483,0.5724137931034483,0.5724137931034483
macro avg,0.6038461538461538,0.6565217391304348,0.545959595959596,145.0
weighted avg,0.7819628647214855,0.5724137931034483,0.6102055033089516,145.0
