,precision,recall,f1-score,support
0,0.7777777777777778,0.5478260869565217,0.6428571428571429,115.0
1,0.1875,0.4,0.25531914893617025,30.0
accuracy,0.5172413793103449,0.5172413793103449,0.5172413793103449,0.5172413793103449
macro avg,0.4826388888888889,0.47391304347826085,0.4490881458966566,145.0
weighted avg,0.6556513409961686,0.5172413793103449,0.5626768682528037,145.0
