,precision,recall,f1-score,support
0,0.9139784946236559,0.5279503105590062,0.6692913385826771,322.0
1,0.07878787878787878,0.4482758620689655,0.13402061855670103,29.0
accuracy,0.5213675213675214,0.5213675213675214,0.5213675213675214,0.5213675213675214
macro avg,0.4963831867057673,0.48811308631398587,0.40165597856968904,351.0
weighted avg,0.8449741417483354,0.5213675213675214,0.6250666921987645,351.0
