,precision,recall,f1-score,support
0,0.9077669902912622,0.5807453416149069,0.7083333333333334,322.0
1,0.06896551724137931,0.3448275862068966,0.11494252873563218,29.0
accuracy,0.5612535612535613,0.5612535612535613,0.5612535612535613,0.5612535612535613
macro avg,0.48836625376632076,0.4627864639109017,0.41163793103448276,351.0
weighted avg,0.838464304483722,0.5612535612535613,0.659306742640076,351.0
