,precision,recall,f1-score,support
0,0.7874396135265701,0.5905797101449275,0.6749482401656314,276.0
1,0.2152777777777778,0.41333333333333333,0.2831050228310502,75.0
accuracy,0.5527065527065527,0.5527065527065527,0.5527065527065527,0.5527065527065527
macro avg,0.501358695652174,0.5019565217391304,0.4790266314983408,351.0
weighted avg,0.6651828110161444,0.5527065527065527,0.5912210569744815,351.0
