,precision,recall,f1-score,support
0,0.8495575221238938,0.34782608695652173,0.493573264781491,276.0
1,0.24369747899159663,0.7733333333333333,0.3706070287539936,75.0
accuracy,0.43874643874643876,0.43874643874643876,0.43874643874643876,0.43874643874643876
macro avg,0.5466275005577452,0.5605797101449275,0.43209014676774227,351.0
weighted avg,0.720100247950326,0.43874643874643876,0.46729842802347876,351.0
