,precision,recall,f1-score,support
0,0.8414634146341463,0.5798319327731093,0.6865671641791045,119.0
1,0.20634920634920634,0.5,0.29213483146067415,26.0
accuracy,0.5655172413793104,0.5655172413793104,0.5655172413793104,0.5655172413793104
macro avg,0.5239063104916764,0.5399159663865547,0.48935099781988933,145.0
weighted avg,0.7275808669416743,0.5655172413793104,0.6158413665882134,145.0
