,precision,recall,f1-score,support
0,0.8026315789473685,0.5126050420168067,0.6256410256410255,119.0
1,0.15942028985507245,0.4230769230769231,0.23157894736842102,26.0
accuracy,0.496551724137931,0.496551724137931,0.496551724137931,0.496551724137931
macro avg,0.48102593440122043,0.4678409825468649,0.42860998650472326,145.0
weighted avg,0.6872971409032327,0.496551724137931,0.5549816185024895,145.0
