,precision,recall,f1-score,support
0,0.8481012658227848,0.46853146853146854,0.6036036036036037,286.0
1,0.21243523316062177,0.6307692307692307,0.31782945736434115,65.0
accuracy,0.4985754985754986,0.4985754985754986,0.4985754985754986,0.4985754985754986
macro avg,0.5302682494917033,0.5496503496503496,0.46071653048397243,351.0
weighted avg,0.7303853338483101,0.4985754985754986,0.5506824654111475,351.0
