,precision,recall,f1-score,support
0,0.83,0.5763888888888888,0.680327868852459,288.0
1,0.19205298013245034,0.4603174603174603,0.27102803738317754,63.0
accuracy,0.5555555555555556,0.5555555555555556,0.5555555555555556,0.5555555555555556
macro avg,0.5110264900662251,0.5183531746031745,0.47567795311781824,351.0
weighted avg,0.7154966887417218,0.5555555555555556,0.6068637965374597,351.0
