,precision,recall,f1-score,support
0,0.7263157894736842,0.71875,0.7225130890052356,96.0
1,0.46,0.46938775510204084,0.46464646464646464,49.0
accuracy,0.6344827586206897,0.6344827586206897,0.6344827586206897,0.6344827586206897
macro avg,0.5931578947368421,0.5940688775510204,0.5935797768258502,145.0
weighted avg,0.6363194192377496,0.6344827586206897,0.6353719538770992,145.0
