,precision,recall,f1-score,support
0,0.8269230769230769,0.6466165413533834,0.7257383966244725,133.0
1,0.32857142857142857,0.5609756097560976,0.41441441441441446,41.0
accuracy,0.6264367816091954,0.6264367816091954,0.6264367816091954,0.6264367816091954
macro avg,0.5777472527472527,0.6037960755547405,0.5700764055194435,174.0
weighted avg,0.7094953896678035,0.6264367816091954,0.6523804467933669,174.0
