,precision,recall,f1-score,support
0,0.8589743589743589,0.4652777777777778,0.6036036036036037,288.0
1,0.21025641025641026,0.6507936507936508,0.31782945736434104,63.0
accuracy,0.4985754985754986,0.4985754985754986,0.4985754985754986,0.4985754985754986
macro avg,0.5346153846153846,0.5580357142857143,0.4607165304839723,351.0
weighted avg,0.7425378040762656,0.4985754985754986,0.5523108081247616,351.0
