,precision,recall,f1-score,support
0,0.6916666666666667,0.8645833333333334,0.7685185185185186,96.0
1,0.48,0.24489795918367346,0.3243243243243243,49.0
accuracy,0.6551724137931034,0.6551724137931034,0.6551724137931034,0.6551724137931034
macro avg,0.5858333333333333,0.5547406462585034,0.5464214214214215,145.0
weighted avg,0.6201379310344828,0.6551724137931034,0.6184115149632391,145.0
