,precision,recall,f1-score,support
0,0.6867469879518072,0.59375,0.6368715083798883,96.0
1,0.3709677419354839,0.46938775510204084,0.4144144144144145,49.0
accuracy,0.5517241379310345,0.5517241379310345,0.5517241379310345,0.5517241379310345
macro avg,0.5288573649436455,0.5315688775510204,0.5256429613971514,145.0
weighted avg,0.5800353806773255,0.5517241379310345,0.5616963524881075,145.0
