,precision,recall,f1-score,support
0,0.6333333333333333,0.5480769230769231,0.5876288659793815,104.0
1,0.44047619047619047,0.5285714285714286,0.4805194805194805,70.0
accuracy,0.5402298850574713,0.5402298850574713,0.5402298850574713,0.5402298850574713
macro avg,0.5369047619047619,0.5383241758241759,0.534074173249431,174.0
weighted avg,0.5557471264367816,0.5402298850574713,0.5445388833230994,174.0
