,precision,recall,f1-score,support
0,0.5280898876404494,0.4519230769230769,0.48704663212435234,104.0
1,0.32941176470588235,0.4,0.36129032258064514,70.0
accuracy,0.43103448275862066,0.43103448275862066,0.43103448275862066,0.43103448275862066
macro avg,0.42875082617316584,0.4259615384615385,0.42416847735249874,174.0
weighted avg,0.44816190714953164,0.43103448275862066,0.43645501334240117,174.0
