,precision,recall,f1-score,support
0,0.6237623762376238,0.6057692307692307,0.6146341463414634,104.0
1,0.4383561643835616,0.45714285714285713,0.44755244755244755,70.0
accuracy,0.5459770114942529,0.5459770114942529,0.5459770114942529,0.5459770114942529
macro avg,0.5310592703105927,0.531456043956044,0.5310932969469555,174.0
weighted avg,0.5491736703193228,0.5459770114942529,0.5474173709665721,174.0
