,precision,recall,f1-score,support
0,0.8690476190476191,0.6033057851239669,0.7121951219512196,121.0
1,0.21311475409836064,0.5416666666666666,0.30588235294117644,24.0
accuracy,0.593103448275862,0.593103448275862,0.593103448275862,0.593103448275862
macro avg,0.5410811865729899,0.5724862258953167,0.509038737446198,145.0
weighted avg,0.7604794207111901,0.593103448275862,0.6449433532874883,145.0
