,precision,recall,f1-score,support
0,0.8923076923076924,0.4793388429752066,0.6236559139784946,121.0
1,0.2125,0.7083333333333334,0.32692307692307687,24.0
accuracy,0.5172413793103449,0.5172413793103449,0.5172413793103449,0.5172413793103449
macro avg,0.5524038461538462,0.59383608815427,0.47528949545078575,145.0
weighted avg,0.7797877984084881,0.5172413793103449,0.5745415133624254,145.0
