,precision,recall,f1-score,support
0,0.7151162790697675,0.5324675324675324,0.6104218362282878,231.0
1,0.39664804469273746,0.5916666666666667,0.47491638795986624,120.0
accuracy,0.5527065527065527,0.5527065527065527,0.5527065527065527,0.5527065527065527
macro avg,0.5558821618812525,0.5620670995670995,0.542669112094077,351.0
weighted avg,0.6062382502229197,0.5527065527065527,0.5640951872476309,351.0
