,precision,recall,f1-score,support
0,0.8351648351648352,0.628099173553719,0.7169811320754716,121.0
1,0.16666666666666666,0.375,0.23076923076923078,24.0
accuracy,0.5862068965517241,0.5862068965517241,0.5862068965517241,0.5862068965517241
macro avg,0.5009157509157509,0.5015495867768596,0.4738751814223512,145.0
weighted avg,0.724516862447897,0.5862068965517241,0.6365046794454731,145.0
