,precision,recall,f1-score,support
0,0.7727272727272727,0.14049586776859505,0.2377622377622378,121.0
1,0.15447154471544716,0.7916666666666666,0.2585034013605442,24.0
accuracy,0.2482758620689655,0.2482758620689655,0.2482758620689655,0.2482758620689655
macro avg,0.46359940872135996,0.4660812672176308,0.248132819561391,145.0
weighted avg,0.6703952901597982,0.2482758620689655,0.2411952579440264,145.0
