,precision,recall,f1-score,support
0,0.8902439024390244,0.6033057851239669,0.7192118226600985,121.0
1,0.23809523809523808,0.625,0.3448275862068965,24.0
accuracy,0.6068965517241379,0.6068965517241379,0.6068965517241379,0.6068965517241379
macro avg,0.5641695702671312,0.6141528925619835,0.5320197044334976,145.0
weighted avg,0.782302054547639,0.6068965517241379,0.6572447766264651,145.0
