,precision,recall,f1-score,support
0,0.9178082191780822,0.4527027027027027,0.6063348416289592,148.0
1,0.19801980198019803,0.7692307692307693,0.31496062992125984,26.0
accuracy,0.5,0.5,0.5,0.5
macro avg,0.5579140105791401,0.610966735966736,0.46064773577510953,174.0
weighted avg,0.8102536281025363,0.5,0.5627961663163145,174.0
