,precision,recall,f1-score,support
0,0.43157894736842106,0.5125,0.4685714285714286,80.0
1,0.5063291139240507,0.425531914893617,0.46242774566473993,94.0
accuracy,0.46551724137931033,0.46551724137931033,0.46551724137931033,0.46551724137931033
macro avg,0.46895403064623586,0.46901595744680846,0.46549958711808426,174.0
weighted avg,0.4719612212547957,0.46551724137931033,0.46525242746091866,174.0
