,precision,recall,f1-score,support
0,0.4588235294117647,0.4875,0.4727272727272727,80.0
1,0.5393258426966292,0.5106382978723404,0.5245901639344263,94.0
accuracy,0.5,0.5,0.5,0.5
macro avg,0.4990746860541969,0.49906914893617016,0.4986587183308495,174.0
weighted avg,0.5023132848645077,0.5,0.5007451564828614,174.0
