,precision,recall,f1-score,support
0,0.8059701492537313,0.5664335664335665,0.6652977412731007,286.0
1,0.17333333333333334,0.4,0.2418604651162791,65.0
accuracy,0.5356125356125356,0.5356125356125356,0.5356125356125356,0.5356125356125356
macro avg,0.48965174129353234,0.48321678321678324,0.4535791031946899,351.0
weighted avg,0.6888151833425465,0.5356125356125356,0.5868834308736893,351.0
