,precision,recall,f1-score,support
0,0.8054054054054054,0.5209790209790209,0.6326963906581741,286.0
1,0.1746987951807229,0.4461538461538462,0.25108225108225113,65.0
accuracy,0.5071225071225072,0.5071225071225072,0.5071225071225072,0.5071225071225072
macro avg,0.4900521002930641,0.4835664335664336,0.4418893208702126,351.0
weighted avg,0.6886078849934272,0.5071225071225072,0.5620271055515217,351.0
