,precision,recall,f1-score,support
0,0.8850574712643678,0.49044585987261147,0.6311475409836066,157.0
1,0.08045977011494253,0.4117647058823529,0.1346153846153846,17.0
accuracy,0.4827586206896552,0.4827586206896552,0.4827586206896552,0.4827586206896552
macro avg,0.4827586206896552,0.4511052828774822,0.3828814627994956,174.0
weighted avg,0.8064473510371251,0.4827586206896552,0.5826357785798147,174.0
