,precision,recall,f1-score,support
0,0.46296296296296297,0.3472222222222222,0.3968253968253968,144.0
1,0.6131687242798354,0.7198067632850241,0.6622222222222223,207.0
accuracy,0.5669515669515669,0.5669515669515669,0.5669515669515669,0.5669515669515669
macro avg,0.5380658436213992,0.5335144927536232,0.5295238095238095,351.0
weighted avg,0.5515458478421442,0.5669515669515669,0.5533414733414733,351.0
