,precision,recall,f1-score,support
0,0.8469387755102041,0.5804195804195804,0.6887966804979253,286.0
1,0.22580645161290322,0.5384615384615384,0.3181818181818182,65.0
accuracy,0.5726495726495726,0.5726495726495726,0.5726495726495726,0.5726495726495726
macro avg,0.5363726135615536,0.5594405594405594,0.5034892493398717,351.0
weighted avg,0.731914271084778,0.5726495726495726,0.6201642985875351,351.0
