,precision,recall,f1-score,support
0,0.7978723404255319,0.5639097744360902,0.6607929515418501,133.0
1,0.275,0.5365853658536586,0.36363636363636365,41.0
accuracy,0.5574712643678161,0.5574712643678161,0.5574712643678161,0.5574712643678161
macro avg,0.536436170212766,0.5502475701448744,0.5122146575891069,174.0
weighted avg,0.6746667889459526,0.5574712643678161,0.5907732957710171,174.0
