,precision,recall,f1-score,support
0,0.8125,0.5864661654135338,0.6812227074235808,133.0
1,0.2948717948717949,0.5609756097560976,0.3865546218487395,41.0
accuracy,0.5804597701149425,0.5804597701149425,0.5804597701149425,0.5804597701149425
macro avg,0.5536858974358975,0.5737208875848157,0.5338886646361601,174.0
weighted avg,0.6905301355732391,0.5804597701149425,0.611789422891578,174.0
