,precision,recall,f1-score,support
0,0.4230769230769231,0.5,0.4583333333333333,66.0
1,0.5074626865671642,0.43037974683544306,0.4657534246575343,79.0
accuracy,0.46206896551724136,0.46206896551724136,0.46206896551724136,0.46206896551724136
macro avg,0.4652698048220436,0.46518987341772156,0.4620433789954338,145.0
weighted avg,0.46905261490953726,0.46206896551724136,0.4623760037789325,145.0
