,precision,recall,f1-score,support
0,0.44047619047619047,0.5606060606060606,0.4933333333333333,66.0
1,0.5245901639344263,0.4050632911392405,0.45714285714285713,79.0
accuracy,0.47586206896551725,0.47586206896551725,0.47586206896551725,0.47586206896551725
macro avg,0.48253317720530836,0.4828346758726505,0.47523809523809524,145.0
weighted avg,0.4863038036017121,0.47586206896551725,0.47361576354679796,145.0
