,precision,recall,f1-score,support
0,0.8404255319148937,0.6638655462184874,0.7417840375586855,119.0
1,0.21568627450980393,0.4230769230769231,0.28571428571428575,26.0
accuracy,0.6206896551724138,0.6206896551724138,0.6206896551724138,0.6206896551724138
macro avg,0.5280559032123489,0.5434712346477052,0.5137491616364857,145.0
weighted avg,0.7284033202422568,0.6206896551724138,0.6600060130900345,145.0
