,precision,recall,f1-score,support
0,0.3723404255319149,0.4861111111111111,0.4216867469879518,72.0
1,0.5375,0.4215686274509804,0.47252747252747257,102.0
accuracy,0.4482758620689655,0.4482758620689655,0.4482758620689655,0.4482758620689655
macro avg,0.4549202127659574,0.45383986928104575,0.4471071097577122,174.0
weighted avg,0.4691581071166544,0.4482758620689655,0.45148993092491224,174.0
