,precision,recall,f1-score,support
0,0.4153846153846154,0.375,0.3941605839416058,72.0
1,0.5871559633027523,0.6274509803921569,0.6066350710900474,102.0
accuracy,0.5229885057471264,0.5229885057471264,0.5229885057471264,0.5229885057471264
macro avg,0.5012702893436839,0.5012254901960784,0.5003978275158266,174.0
weighted avg,0.5160781641642129,0.5229885057471264,0.5187145936493129,174.0
