,precision,recall,f1-score,support
0,0.8983957219251337,0.5217391304347826,0.6601178781925343,322.0
1,0.06097560975609756,0.3448275862068966,0.10362694300518134,29.0
accuracy,0.5071225071225072,0.5071225071225072,0.5071225071225072,0.5071225071225072
macro avg,0.47968566584061567,0.4332833583208396,0.38187241059885785,351.0
weighted avg,0.8292071656490595,0.5071225071225072,0.6141399946585365,351.0
