,precision,recall,f1-score,support
0,0.8956043956043956,0.5062111801242236,0.6468253968253969,322.0
1,0.05917159763313609,0.3448275862068966,0.10101010101010101,29.0
accuracy,0.4928774928774929,0.4928774928774929,0.4928774928774929,0.4928774928774929
macro avg,0.47738799661876585,0.4255193831655601,0.3739177489177489,351.0
weighted avg,0.8264974122962289,0.4928774928774929,0.6017295461739907,351.0
