,precision,recall,f1-score,support
0,0.86,0.581081081081081,0.6935483870967741,148.0
1,0.16216216216216217,0.46153846153846156,0.24,26.0
accuracy,0.5632183908045977,0.5632183908045977,0.5632183908045977,0.5632183908045977
macro avg,0.5110810810810811,0.5213097713097713,0.46677419354838706,174.0
weighted avg,0.7557253805529668,0.5632183908045976,0.6257767890248424,174.0
