frame,AU01_r,AU02_r,AU04_r,AU05_r,AU06_r,AU07_r,AU09_r,AU10_r,AU12_r,AU14_r,AU15_r,AU17_r,AU20_r,AU23_r,AU25_r,AU26_r,AU45_r,AU01_c,AU02_c,AU04_c,AU05_c,AU06_c,AU07_c,AU09_c,AU10_c,AU12_c,AU14_c,AU15_c,AU17_c,AU20_c,AU23_c,AU25_c,AU26_c,AU28_c,AU45_c
55,0.0,0.0,0.58,0.0,1.33,1.02,0.2,0.61,0.94,0.58,0.0,0.49,0.0,0.54,0.21,0.0,0.44,0.0,0.0,1.0,0.0,1.0,1.0,0.0,1.0,0.0,1.0,0.0,0.0,0.0,0.0,1.0,0.0,0.0,0.0
93,0.0,0.0,0.46,0.02,2.05,2.95,1.22,1.06,1.15,1.6,0.43,1.68,0.66,0.26,0.88,0.58,0.29,1.0,0.0,1.0,0.0,1.0,1.0,0.0,1.0,1.0,1.0,1.0,0.0,1.0,0.0,0.0,0.0,0.0,1.0
118,1.666,1.6233333333333335,0.8670000000000001,1.5373333333333332,0.0,0.1126666666666666,0.0,0.0,0.0736666666666666,0.7480000000000001,0.4363333333333333,1.8753333333333333,0.0453333333333333,0.5136666666666667,0.5666666666666667,2.326666666666666,0.0,0.0,0.0,0.0,0.0,0.0,0.0,0.0,0.0,0.0,0.0,0.0,0.0,0.0,0.0,0.0,0.0,0.0,0.0
119,1.7239999999999998,1.7000000000000002,0.918,1.596,0.0,0.114,0.0,0.0,0.078,0.792,0.462,1.938,0.048,0.508,0.6,2.4,0.0,0.0,0.0,0.0,0.0,0.0,0.0,0.0,0.0,0.0,0.0,0.0,0.0,0.0,0.0,0.0,0.0,0.0,0.0
120,1.782,1.7766666666666668,0.969,1.6546666666666665,0.0,0.1153333333333333,0.0,0.0,0.0823333333333333,0.8360000000000001,0.4876666666666667,2.0006666666666666,0.0506666666666666,0.5023333333333333,0.6333333333333333,2.473333333333333,0.0,0.0,0.0,0.0,0.0,0.0,0.0,0.0,0.0,0.0,0.0,0.0,0.0,0.0,0.0,0.0,0.0,0.0,0.0
152,0.06,0.0,2.466666666666667,0.0366666666666666,0.3999999999999999,0.29,0.0533333333333333,1.4566666666666668,0.29,0.63,0.1333333333333333,1.7000000000000002,0.1133333333333333,0.0333333333333333,0.4433333333333333,1.1800000000000002,1.0133333333333332,0.0,0.0,1.0,0.0,0.0,1.0,0.0,1.0,0.0,1.0,1.0,1.0,1.0,0.0,0.0,0.0,0.0,0.0
