frame,AU01_r,AU02_r,AU04_r,AU05_r,AU06_r,AU07_r,AU09_r,AU10_r,AU12_r,AU14_r,AU15_r,AU17_r,AU20_r,AU23_r,AU25_r,AU26_r,AU45_r,AU01_c,AU02_c,AU04_c,AU05_c,AU06_c,AU07_c,AU09_c,AU10_c,AU12_c,AU14_c,AU15_c,AU17_c,AU20_c,AU23_c,AU25_c,AU26_c,AU28_c,AU45_c
41,0.0533333333333333,0.0253333333333333,0.0,0.0,1.0166666666666666,2.5580000000000003,0.028,2.3906666666666667,1.236,0.7453333333333333,0.0,0.048,0.0086666666666666,0.0,2.796,1.226,2.282,0.0,0.0,0.0,0.0,0.0,1.0,0.0,1.0,1.0,1.0,0.0,0.0,0.0,1.0,1.0,1.0,0.0,1.0
42,0.08,0.038,0.0,0.0,1.1,2.592,0.042,2.436,1.274,0.768,0.0,0.062,0.008,0.0,2.764,1.224,2.258,0.0,0.0,0.0,0.0,0.0,1.0,0.0,1.0,1.0,1.0,0.0,0.0,0.0,1.0,1.0,1.0,0.0,1.0
43,0.1066666666666666,0.0506666666666666,0.0,0.0,1.1833333333333331,2.6260000000000003,0.056,2.481333333333333,1.3119999999999998,0.7906666666666666,0.0,0.076,0.0073333333333333,0.0,2.732,1.222,2.234,0.0,0.0,0.0,0.0,0.0,1.0,0.0,1.0,1.0,1.0,0.0,0.0,0.0,1.0,1.0,1.0,0.0,1.0
