frame,AU01_r,AU02_r,AU04_r,AU05_r,AU06_r,AU07_r,AU09_r,AU10_r,AU12_r,AU14_r,AU15_r,AU17_r,AU20_r,AU23_r,AU25_r,AU26_r,AU45_r,AU01_c,AU02_c,AU04_c,AU05_c,AU06_c,AU07_c,AU09_c,AU10_c,AU12_c,AU14_c,AU15_c,AU17_c,AU20_c,AU23_c,AU25_c,AU26_c,AU28_c,AU45_c
165,0.0,0.0,0.26,0.0,2.19,4.7,1.09,0.35,0.13,0.82,0.0,0.17,0.31,0.43,0.0,1.36,3.11,0.0,0.0,1.0,0.0,1.0,1.0,1.0,0.0,0.0,0.0,0.0,1.0,1.0,0.0,0.0,1.0,0.0,1.0
166,0.0,0.0,0.27,0.0,2.45,4.33,0.6,0.61,0.5,1.42,0.0,0.58,0.91,0.97,0.0,0.84,2.98,0.0,0.0,1.0,0.0,1.0,1.0,1.0,0.0,0.0,1.0,0.0,1.0,1.0,0.0,0.0,1.0,0.0,1.0
167,0.0,0.0,0.2942857142857143,0.0,2.407142857142857,4.282857142857143,0.5457142857142857,0.8157142857142857,0.4828571428571429,1.2757142857142856,0.0,0.4971428571428571,0.8,0.8314285714285714,0.15,1.1942857142857142,3.027142857142857,0.0,0.0,1.0,0.0,1.0,1.0,1.0,0.0,0.0,1.0,0.0,1.0,1.0,0.0,0.0,0.0,0.0,1.0
