,precision,recall,f1-score,support
0,0.5274725274725275,0.6,0.5614035087719298,80.0
1,0.6144578313253012,0.5425531914893617,0.576271186440678,94.0
accuracy,0.5689655172413793,0.5689655172413793,0.5689655172413793,0.5689655172413793
macro avg,0.5709651793989143,0.5712765957446808,0.5688373476063039,174.0
weighted avg,0.5744645881746007,0.5689655172413793,0.5694354725699892,174.0
