,precision,recall,f1-score,support
0,0.7,0.5833333333333334,0.6363636363636365,96.0
1,0.38461538461538464,0.5102040816326531,0.43859649122807015,49.0
accuracy,0.5586206896551724,0.5586206896551724,0.5586206896551724,0.5586206896551724
macro avg,0.5423076923076923,0.5467687074829932,0.5374800637958533,145.0
weighted avg,0.5934217506631299,0.5586206896551724,0.5695319804212727,145.0
