,precision,recall,f1-score,support
0,0.5473684210526316,0.65,0.5942857142857143,80.0
1,0.6455696202531646,0.5425531914893617,0.5895953757225434,94.0
accuracy,0.5919540229885057,0.5919540229885057,0.5919540229885057,0.5919540229885057
macro avg,0.5964690206528981,0.5962765957446808,0.5919405450041288,174.0
weighted avg,0.6004196436092414,0.5919540229885057,0.5917518532228518,174.0
