,precision,recall,f1-score,support
0,0.5306122448979592,0.65,0.5842696629213483,80.0
1,0.631578947368421,0.5106382978723404,0.5647058823529411,94.0
accuracy,0.5747126436781609,0.5747126436781609,0.5747126436781609,0.5747126436781609
macro avg,0.5810955961331901,0.5803191489361702,0.5744877726371447,174.0
weighted avg,0.5851574749682087,0.5747126436781609,0.5737007239935881,174.0
