,precision,recall,f1-score,support
0,0.8155339805825242,0.5793103448275863,0.6774193548387097,145.0
1,0.14084507042253522,0.3448275862068966,0.2,29.0
accuracy,0.5402298850574713,0.5402298850574713,0.5402298850574713,0.5402298850574713
macro avg,0.47818952550252974,0.4620689655172414,0.43870967741935485,174.0
weighted avg,0.7030858288891927,0.5402298850574713,0.5978494623655914,174.0
