,precision,recall,f1-score,support
0,0.7085714285714285,0.5367965367965368,0.6108374384236452,231.0
1,0.39204545454545453,0.575,0.4662162162162162,120.0
accuracy,0.5498575498575499,0.5498575498575499,0.5498575498575499,0.5498575498575499
macro avg,0.5503084415584415,0.5558982683982684,0.5385268273199307,351.0
weighted avg,0.6003574203574202,0.5498575498575499,0.5613942855322165,351.0
