,precision,recall,f1-score,support
0,0.6888888888888889,0.5367965367965368,0.6034063260340632,231.0
1,0.3742690058479532,0.5333333333333333,0.43986254295532645,120.0
accuracy,0.5356125356125356,0.5356125356125356,0.5356125356125356,0.5356125356125356
macro avg,0.531578947368421,0.535064935064935,0.5216344344946948,351.0
weighted avg,0.5813265357125006,0.5356125356125356,0.5474939215627003,351.0
