,precision,recall,f1-score,support
0,0.8495145631067961,0.6118881118881119,0.7113821138211381,286.0
1,0.23448275862068965,0.5230769230769231,0.32380952380952377,65.0
accuracy,0.5954415954415955,0.5954415954415955,0.5954415954415955,0.5954415954415955
macro avg,0.5419986608637428,0.5674825174825175,0.5175958188153309,351.0
weighted avg,0.7356197844982579,0.5954415954415955,0.6396094119671355,351.0
