,precision,recall,f1-score,support
0,0.5671641791044776,0.5757575757575758,0.5714285714285714,66.0
1,0.6410256410256411,0.6329113924050633,0.6369426751592356,79.0
accuracy,0.6068965517241379,0.6068965517241379,0.6068965517241379,0.6068965517241379
macro avg,0.6040949100650593,0.6043344840813196,0.6041856232939036,145.0
weighted avg,0.6074059411166977,0.6068965517241379,0.6071224624266575,145.0
