,precision,recall,f1-score,support
0,0.43283582089552236,0.5576923076923077,0.4873949579831933,52.0
1,0.7051282051282052,0.5913978494623656,0.6432748538011697,93.0
accuracy,0.5793103448275863,0.5793103448275863,0.5793103448275863,0.5793103448275863
macro avg,0.5689820130118638,0.5745450785773367,0.5653349058921815,145.0
weighted avg,0.6074785225068293,0.5793103448275863,0.5873730980595506,145.0
