,precision,recall,f1-score,support
0,0.7938144329896907,0.5384615384615384,0.6416666666666667,286.0
1,0.1592356687898089,0.38461538461538464,0.2252252252252252,65.0
accuracy,0.50997150997151,0.50997150997151,0.50997150997151,0.50997150997151
macro avg,0.4765250508897498,0.46153846153846156,0.433445945945946,351.0
weighted avg,0.6762998470267496,0.50997150997151,0.5645478812145479,351.0
