,precision,recall,f1-score,support
0,0.8440860215053764,0.548951048951049,0.6652542372881357,286.0
1,0.21818181818181817,0.5538461538461539,0.3130434782608696,65.0
accuracy,0.5498575498575499,0.5498575498575499,0.5498575498575499,0.5498575498575499
macro avg,0.5311339198435973,0.5513986013986014,0.4891488577745027,351.0
weighted avg,0.7281778357047174,0.5498575498575499,0.6000300226534568,351.0
