,precision,recall,f1-score,support
0,0.7906976744186046,0.2556390977443609,0.38636363636363635,133.0
1,0.24427480916030533,0.7804878048780488,0.37209302325581395,41.0
accuracy,0.3793103448275862,0.3793103448275862,0.3793103448275862,0.3793103448275862
macro avg,0.517486241789455,0.5180634513112048,0.37922832980972515,174.0
weighted avg,0.6619428613404996,0.3793103448275862,0.3830010206313334,174.0
