,precision,recall,f1-score,support
0,0.8172043010752689,0.5714285714285714,0.672566371681416,133.0
1,0.2962962962962963,0.5853658536585366,0.3934426229508196,41.0
accuracy,0.5747126436781609,0.5747126436781609,0.5747126436781609,0.5747126436781609
macro avg,0.5567502986857826,0.5783972125435539,0.5330044973161178,174.0
weighted avg,0.6944616102940168,0.5747126436781609,0.6067958331874249,174.0
