,precision,recall,f1-score,support
0,0.8378378378378378,0.512396694214876,0.6358974358974359,121.0
1,0.16901408450704225,0.5,0.25263157894736843,24.0
accuracy,0.5103448275862069,0.5103448275862069,0.5103448275862069,0.5103448275862069
macro avg,0.5034259611724401,0.506198347107438,0.44426450742240214,145.0
weighted avg,0.7271359752175681,0.5103448275862069,0.5724603285401834,145.0
