,precision,recall,f1-score,support
0,0.825,0.5454545454545454,0.6567164179104478,121.0
1,0.15384615384615385,0.4166666666666667,0.22471910112359555,24.0
accuracy,0.5241379310344828,0.5241379310344828,0.5241379310344828,0.5241379310344828
macro avg,0.4894230769230769,0.4810606060606061,0.44071775951702163,145.0
weighted avg,0.7139124668435013,0.5241379310344828,0.585213413752624,145.0
