,precision,recall,f1-score,support
0,0.47674418604651164,0.5125,0.4939759036144578,80.0
1,0.5568181818181818,0.5212765957446809,0.5384615384615384,94.0
accuracy,0.5172413793103449,0.5172413793103449,0.5172413793103449,0.5172413793103449
macro avg,0.5167811839323467,0.5168882978723404,0.5162187210379982,174.0
weighted avg,0.5200025515783334,0.5172413793103449,0.5180083730146049,174.0
