,precision,recall,f1-score,support
0,0.4430379746835443,0.4375,0.44025157232704404,80.0
1,0.5263157894736842,0.5319148936170213,0.5291005291005292,94.0
accuracy,0.4885057471264368,0.4885057471264368,0.4885057471264368,0.4885057471264368
macro avg,0.48467688207861426,0.48470744680851063,0.4846760507137866,174.0
weighted avg,0.48802713899545896,0.4885057471264368,0.48825043403226015,174.0
