,precision,recall,f1-score,support
0,0.40476190476190477,0.4722222222222222,0.4358974358974359,72.0
1,0.5777777777777777,0.5098039215686274,0.5416666666666666,102.0
accuracy,0.4942528735632184,0.4942528735632184,0.4942528735632184,0.4942528735632184
macro avg,0.49126984126984125,0.4910130718954248,0.48878205128205127,174.0
weighted avg,0.5061850027367268,0.4942528735632184,0.4979000884173298,174.0
