,precision,recall,f1-score,support
0,0.45588235294117646,0.8611111111111112,0.5961538461538461,72.0
1,0.7368421052631579,0.27450980392156865,0.4,102.0
accuracy,0.5172413793103449,0.5172413793103449,0.5172413793103449,0.5172413793103449
macro avg,0.5963622291021672,0.5678104575163399,0.4980769230769231,174.0
weighted avg,0.6205828974057862,0.5172413793103449,0.48116710875331564,174.0
