,precision,recall,f1-score,support
0,0.7989130434782609,0.5104166666666666,0.6228813559322034,288.0
1,0.15568862275449102,0.4126984126984127,0.2260869565217391,63.0
accuracy,0.4928774928774929,0.4928774928774929,0.4928774928774929,0.4928774928774929
macro avg,0.47730083311637594,0.46155753968253965,0.4244841562269712,351.0
weighted avg,0.6834625064252765,0.4928774928774929,0.5516618483457097,351.0
