,precision,recall,f1-score,support
0,0.8282828282828283,0.5694444444444444,0.6748971193415638,288.0
1,0.1895424836601307,0.4603174603174603,0.26851851851851855,63.0
accuracy,0.5498575498575499,0.5498575498575499,0.5498575498575499,0.5498575498575499
macro avg,0.5089126559714795,0.5148809523809523,0.4717078189300412,351.0
weighted avg,0.7136371254018313,0.5498575498575499,0.601957370475889,351.0
