frame,AU01_r,AU02_r,AU04_r,AU05_r,AU06_r,AU07_r,AU09_r,AU10_r,AU12_r,AU14_r,AU15_r,AU17_r,AU20_r,AU23_r,AU25_r,AU26_r,AU45_r,AU01_c,AU02_c,AU04_c,AU05_c,AU06_c,AU07_c,AU09_c,AU10_c,AU12_c,AU14_c,AU15_c,AU17_c,AU20_c,AU23_c,AU25_c,AU26_c,AU28_c,AU45_c
178,0.22,1.69,0.58,0.0,1.02,2.01,0.93,1.88,1.3,1.42,0.0,0.0,0.51,0.14,1.19,0.54,0.24,1.0,1.0,0.0,0.0,0.0,1.0,1.0,1.0,0.0,1.0,0.0,0.0,1.0,0.0,1.0,1.0,0.0,1.0
179,0.01,1.48,0.54,0.0,0.97,1.7,0.97,1.73,1.09,1.12,0.0,0.0,0.53,0.43,1.42,0.67,0.4,1.0,1.0,0.0,0.0,0.0,1.0,1.0,1.0,0.0,1.0,0.0,0.0,1.0,0.0,1.0,1.0,0.0,1.0
180,0.0,1.55,0.55,0.0,0.88,1.57,0.98,1.47,0.98,0.99,0.0,0.0,0.48,0.77,1.38,0.64,0.57,1.0,1.0,0.0,1.0,0.0,1.0,1.0,1.0,0.0,1.0,0.0,0.0,1.0,0.0,1.0,1.0,0.0,1.0
181,0.0,1.69,0.54,0.0,0.84,1.54,0.94,1.22,1.01,0.89,0.0,0.0,0.34,1.08,1.3,0.5,0.61,1.0,1.0,0.0,1.0,0.0,1.0,1.0,1.0,0.0,1.0,0.0,0.0,1.0,0.0,1.0,1.0,0.0,1.0
182,0.0,1.7,0.59,0.0,0.76,1.38,0.84,1.09,1.17,0.99,0.0,0.0,0.16,1.02,1.18,0.28,0.5,1.0,1.0,0.0,1.0,0.0,1.0,1.0,1.0,1.0,1.0,0.0,0.0,1.0,0.0,1.0,1.0,0.0,1.0
433,0.8071078431372549,0.0,0.0,0.1209313725490196,0.303235294117647,0.1821078431372549,0.0055882352941176,2.285490196078431,1.6401470588235294,0.2896078431372549,0.2816176470588235,0.1895588235294118,0.0018627450980392,0.0,0.845686274509804,0.1108333333333333,0.9615196078431372,1.0,1.0,0.0,1.0,1.0,1.0,0.0,1.0,1.0,1.0,0.0,0.0,1.0,0.0,1.0,1.0,0.0,0.0
434,0.8114705882352942,0.0,0.0,0.1208823529411764,0.3041176470588235,0.1814705882352941,0.0052941176470588,2.289411764705882,1.643823529411765,0.2864705882352941,0.2820588235294117,0.1885294117647059,0.0017647058823529,0.0,0.8411764705882354,0.1049999999999999,0.9661764705882352,1.0,1.0,0.0,1.0,1.0,1.0,0.0,1.0,1.0,1.0,0.0,1.0,1.0,0.0,1.0,1.0,0.0,0.0
