frame,AU01_r,AU02_r,AU04_r,AU05_r,AU06_r,AU07_r,AU09_r,AU10_r,AU12_r,AU14_r,AU15_r,AU17_r,AU20_r,AU23_r,AU25_r,AU26_r,AU45_r,AU01_c,AU02_c,AU04_c,AU05_c,AU06_c,AU07_c,AU09_c,AU10_c,AU12_c,AU14_c,AU15_c,AU17_c,AU20_c,AU23_c,AU25_c,AU26_c,AU28_c,AU45_c
156,0.0,0.0,0.1636363636363637,0.0,0.3181818181818181,0.0981818181818182,0.48,0.3036363636363635,0.0,0.0272727272727272,0.0,0.3945454545454545,0.0,0.4909090909090907,0.1454545454545454,0.0454545454545454,0.0,0.0,0.0,0.0,0.0,0.0,0.0,0.0,0.0,0.0,0.0,0.0,0.0,0.0,0.0,0.0,0.0,0.0,0.0
157,0.0,0.0,0.0818181818181819,0.0,0.1590909090909091,0.049090909090909,0.2399999999999997,0.1518181818181816,0.0,0.0136363636363636,0.0,0.1972727272727272,0.0,0.2454545454545451,0.0727272727272726,0.0227272727272727,0.0,0.0,0.0,0.0,0.0,0.0,0.0,0.0,0.0,0.0,0.0,0.0,0.0,0.0,0.0,0.0,0.0,0.0,0.0
181,1.47,0.89,0.27,0.46,1.11,2.97,1.74,1.41,0.2,0.0,0.0,0.0,0.0,0.03,0.0,0.0,0.7,1.0,1.0,1.0,1.0,1.0,1.0,1.0,1.0,0.0,0.0,0.0,1.0,0.0,0.0,1.0,0.0,0.0,1.0
184,0.58,0.12,0.1,0.02,0.71,1.94,1.03,0.67,0.0,0.0,0.0,0.41,0.0,0.45,0.0,0.0,0.08,1.0,1.0,1.0,1.0,1.0,1.0,1.0,1.0,0.0,0.0,0.0,1.0,0.0,0.0,1.0,0.0,0.0,1.0
185,0.58,0.2,0.11,0.0,0.66,1.55,1.11,0.77,0.0,0.0,0.0,0.73,0.0,0.69,0.0,0.09,0.01,1.0,1.0,1.0,1.0,1.0,1.0,1.0,1.0,0.0,0.0,0.0,1.0,0.0,0.0,1.0,0.0,0.0,1.0
