,precision,recall,f1-score,support
0,0.9043062200956937,0.5869565217391305,0.711864406779661,322.0
1,0.06338028169014084,0.3103448275862069,0.10526315789473684,29.0
accuracy,0.5641025641025641,0.5641025641025641,0.5641025641025641,0.5641025641025641
macro avg,0.4838432508929173,0.4486506746626687,0.4085637823371989,351.0
weighted avg,0.8348280086604771,0.5641025641025642,0.6617463548774878,351.0
