,precision,recall,f1-score,support
0,0.9441340782122905,0.5248447204968945,0.6746506986027944,322.0
1,0.11046511627906977,0.6551724137931034,0.1890547263681592,29.0
accuracy,0.5356125356125356,0.5356125356125356,0.5356125356125356,0.5356125356125356
macro avg,0.5272995972456801,0.5900085671449989,0.4318527124854768,351.0
weighted avg,0.8752554460297737,0.5356125356125357,0.6345302336603316,351.0
