,precision,recall,f1-score,support
0,0.8695652173913043,0.45112781954887216,0.594059405940594,133.0
1,0.3047619047619048,0.7804878048780488,0.4383561643835617,41.0
accuracy,0.5287356321839081,0.5287356321839081,0.5287356321839081,0.5287356321839081
macro avg,0.5871635610766046,0.6158078122134605,0.5162077851620779,174.0
weighted avg,0.7364793793579401,0.5287356321839081,0.5573707110909485,174.0
