,precision,recall,f1-score,support
0,0.8125,0.2932330827067669,0.430939226519337,133.0
1,0.25396825396825395,0.7804878048780488,0.3832335329341317,41.0
accuracy,0.40804597701149425,0.40804597701149425,0.40804597701149425,0.40804597701149425
macro avg,0.533234126984127,0.5368604437924078,0.40708637972673434,174.0
weighted avg,0.6808919449005656,0.40804597701149425,0.41969822975500704,174.0
