,precision,recall,f1-score,support
0,0.5434782608695652,0.7575757575757576,0.6329113924050633,66.0
1,0.6981132075471698,0.46835443037974683,0.5606060606060606,79.0
accuracy,0.6,0.6,0.6,0.6
macro avg,0.6207957342083674,0.6129650939777522,0.5967587265055619,145.0
weighted avg,0.6277276456111567,0.6,0.5935174530111239,145.0
