,precision,recall,f1-score,support
0,0.5688073394495413,0.775,0.656084656084656,80.0
1,0.7230769230769231,0.5,0.5911949685534591,94.0
accuracy,0.6264367816091954,0.6264367816091954,0.6264367816091954,0.6264367816091954
macro avg,0.6459421312632322,0.6375,0.6236398123190576,174.0
weighted avg,0.6521483788804256,0.6264367816091954,0.6210293076482623,174.0
