,precision,recall,f1-score,support
0,0.5365853658536586,0.825,0.6502463054187192,80.0
1,0.7254901960784313,0.39361702127659576,0.5103448275862068,94.0
accuracy,0.5919540229885057,0.5919540229885057,0.5919540229885057,0.5919540229885057
macro avg,0.631037780966045,0.6093085106382978,0.580295566502463,174.0
weighted avg,0.6386374005727887,0.5919540229885057,0.5746673461298907,174.0
