,precision,recall,f1-score,support
0,0.864406779661017,0.4214876033057851,0.5666666666666665,121.0
1,0.18604651162790697,0.6666666666666666,0.2909090909090909,24.0
accuracy,0.46206896551724136,0.46206896551724136,0.46206896551724136,0.46206896551724136
macro avg,0.525226645644462,0.5440771349862259,0.4287878787878787,145.0
weighted avg,0.752126459434847,0.46206896551724136,0.5210240334378264,145.0
