,precision,recall,f1-score,support
0,0.7816091954022989,0.5112781954887218,0.6181818181818182,133.0
1,0.25287356321839083,0.5365853658536586,0.34375,41.0
accuracy,0.5172413793103449,0.5172413793103449,0.5172413793103449,0.5172413793103449
macro avg,0.5172413793103449,0.5239317806711902,0.4809659090909091,174.0
weighted avg,0.6570220636808033,0.5172413793103449,0.5535168495297805,174.0
