,precision,recall,f1-score,support
0,0.7787610619469026,0.6616541353383458,0.7154471544715447,133.0
1,0.26229508196721313,0.3902439024390244,0.3137254901960785,41.0
accuracy,0.5977011494252874,0.5977011494252874,0.5977011494252874,0.5977011494252874
macro avg,0.5205280719570579,0.5259490188886851,0.5145863223338116,174.0
weighted avg,0.6570650551700793,0.5977011494252874,0.6207886013951417,174.0
