,precision,recall,f1-score,support
0,0.8375,0.5037593984962406,0.6291079812206574,133.0
1,0.2978723404255319,0.6829268292682927,0.4148148148148148,41.0
accuracy,0.5459770114942529,0.5459770114942529,0.5459770114942529,0.5459770114942529
macro avg,0.567686170212766,0.5933431138822667,0.5219613980177361,174.0
weighted avg,0.7103463560772805,0.5459770114942529,0.5786136144238784,174.0
