,precision,recall,f1-score,support
0,0.8705882352941177,0.6218487394957983,0.7254901960784313,119.0
1,0.25,0.5769230769230769,0.3488372093023256,26.0
accuracy,0.6137931034482759,0.6137931034482759,0.6137931034482759,0.6137931034482759
macro avg,0.5602941176470588,0.5993859082094376,0.5371637026903785,145.0
weighted avg,0.7593103448275863,0.6137931034482759,0.6579524191392675,145.0
