,precision,recall,f1-score,support
0,0.8181818181818182,0.226890756302521,0.3552631578947369,119.0
1,0.17857142857142858,0.7692307692307693,0.2898550724637681,26.0
accuracy,0.32413793103448274,0.32413793103448274,0.32413793103448274,0.32413793103448274
macro avg,0.4983766233766234,0.4980607627666451,0.3225591151792525,145.0
weighted avg,0.7034930586654725,0.32413793103448274,0.34353481154159765,145.0
