,precision,recall,f1-score,support
0,0.8372093023255814,0.5034965034965035,0.6288209606986901,286.0
1,0.20670391061452514,0.5692307692307692,0.30327868852459017,65.0
accuracy,0.5156695156695157,0.5156695156695157,0.5156695156695157,0.5156695156695157
macro avg,0.5219566064700533,0.5363636363636364,0.46604982461164013,351.0
weighted avg,0.7204490446013118,0.5156695156695157,0.5685353547405234,351.0
