,precision,recall,f1-score,support
0,0.8170731707317073,0.5826086956521739,0.6802030456852791,115.0
1,0.23809523809523808,0.5,0.3225806451612903,30.0
accuracy,0.5655172413793104,0.5655172413793104,0.5655172413793104,0.5655172413793104
macro avg,0.5275842044134726,0.5413043478260869,0.5013918454232847,145.0
weighted avg,0.6972846329448515,0.5655172413793104,0.6062122041975573,145.0
