,precision,recall,f1-score,support
0,0.6650943396226415,0.6103896103896104,0.636568848758465,231.0
1,0.35251798561151076,0.4083333333333333,0.3783783783783784,120.0
accuracy,0.5413105413105413,0.5413105413105413,0.5413105413105413,0.5413105413105413
macro avg,0.5088061626170761,0.5093614718614718,0.5074736135684217,351.0
weighted avg,0.5582306288496054,0.5413105413105413,0.5482986024746748,351.0
