,precision,recall,f1-score,support
0,0.7176470588235294,0.5281385281385281,0.6084788029925187,231.0
1,0.39779005524861877,0.6,0.4784053156146179,120.0
accuracy,0.5527065527065527,0.5527065527065527,0.5527065527065527,0.5527065527065527
macro avg,0.5577185570360741,0.564069264069264,0.5434420593035683,351.0
weighted avg,0.6082942370885173,0.5527065527065527,0.5640092346581936,351.0
