,precision,recall,f1-score,support
0,0.4927536231884058,0.5151515151515151,0.5037037037037038,66.0
1,0.5789473684210527,0.5569620253164557,0.567741935483871,79.0
accuracy,0.5379310344827586,0.5379310344827586,0.5379310344827586,0.5379310344827586
macro avg,0.5358504958047292,0.5360567702339853,0.5357228195937873,145.0
weighted avg,0.5397143533496409,0.5379310344827586,0.5385934989494501,145.0
