,precision,recall,f1-score,support
0,0.5066666666666667,0.5757575757575758,0.5390070921985816,66.0
1,0.6,0.5316455696202531,0.563758389261745,79.0
accuracy,0.5517241379310345,0.5517241379310345,0.5517241379310345,0.5517241379310345
macro avg,0.5533333333333333,0.5537015726889145,0.5513827407301632,145.0
weighted avg,0.5575172413793104,0.5517241379310345,0.5524922816329947,145.0
