,precision,recall,f1-score,support
0,0.8314606741573034,0.5103448275862069,0.6324786324786326,145.0
1,0.16470588235294117,0.4827586206896552,0.24561403508771928,29.0
accuracy,0.5057471264367817,0.5057471264367817,0.5057471264367817,0.5057471264367817
macro avg,0.4980832782551223,0.496551724137931,0.4390463337831759,174.0
weighted avg,0.720334875523243,0.5057471264367817,0.568001199580147,174.0
