,precision,recall,f1-score,support
0,0.8020833333333334,0.5310344827586206,0.6390041493775932,145.0
1,0.1282051282051282,0.3448275862068966,0.18691588785046728,29.0
accuracy,0.5,0.5,0.5,0.5
macro avg,0.4651442307692308,0.4379310344827586,0.41296001861403026,174.0
weighted avg,0.6897702991452992,0.5,0.5636561057897389,174.0
