,precision,recall,f1-score,support
0,0.8762886597938144,0.5743243243243243,0.6938775510204082,148.0
1,0.18181818181818182,0.5384615384615384,0.2718446601941748,26.0
accuracy,0.5689655172413793,0.5689655172413793,0.5689655172413793,0.5689655172413793
macro avg,0.5290534208059982,0.5563929313929314,0.48286110560729145,174.0
weighted avg,0.7725172090618233,0.5689655172413793,0.630815165034879,174.0
