,precision,recall,f1-score,support
0,0.7857142857142857,0.14864864864864866,0.25,148.0
1,0.136986301369863,0.7692307692307693,0.23255813953488372,26.0
accuracy,0.2413793103448276,0.2413793103448276,0.2413793103448276,0.2413793103448276
macro avg,0.46135029354207435,0.458939708939709,0.24127906976744184,174.0
weighted avg,0.6887779202375328,0.2413793103448276,0.24739374498797115,174.0
