,precision,recall,f1-score,support
0,0.9298245614035088,0.3375796178343949,0.4953271028037384,157.0
1,0.1111111111111111,0.7647058823529411,0.19402985074626863,17.0
accuracy,0.3793103448275862,0.3793103448275862,0.3793103448275862,0.3793103448275862
macro avg,0.52046783625731,0.551142750093668,0.3446784767750035,174.0
weighted avg,0.8498353162599986,0.3793103448275862,0.46589001495904314,174.0
