,precision,recall,f1-score,support
0,0.9655172413793104,0.17834394904458598,0.30107526881720426,157.0
1,0.1103448275862069,0.9411764705882353,0.19753086419753085,17.0
accuracy,0.25287356321839083,0.25287356321839083,0.25287356321839083,0.25287356321839083
macro avg,0.5379310344827586,0.5597602098164106,0.24930306650736755,174.0
weighted avg,0.8819659135949268,0.25287356321839083,0.2909588614693051,174.0
