,precision,recall,f1-score,support
0,0.8170731707317073,0.5630252100840336,0.6666666666666666,119.0
1,0.1746031746031746,0.4230769230769231,0.24719101123595508,26.0
accuracy,0.5379310344827586,0.5379310344827586,0.5379310344827586,0.5379310344827586
macro avg,0.4958381726674409,0.49305106658047837,0.45692883895131087,145.0
weighted avg,0.7018716541845221,0.5379310344827586,0.591450342244608,145.0
