,precision,recall,f1-score,support
0,0.8548387096774194,0.1853146853146853,0.3045977011494253,286.0
1,0.19377162629757785,0.8615384615384616,0.3163841807909604,65.0
accuracy,0.31054131054131057,0.31054131054131057,0.31054131054131057,0.31054131054131057
macro avg,0.5243051679874986,0.5234265734265735,0.31049094097019286,351.0
weighted avg,0.7324188794218932,0.31054131054131057,0.3067803825645244,351.0
