,precision,recall,f1-score,support
0,0.8769230769230769,0.3986013986013986,0.548076923076923,286.0
1,0.22171945701357465,0.7538461538461538,0.34265734265734266,65.0
accuracy,0.46438746438746437,0.46438746438746437,0.46438746438746437,0.46438746438746437
macro avg,0.5493212669683258,0.5762237762237762,0.4453671328671328,351.0
weighted avg,0.7555890732361321,0.46438746438746437,0.51003626003626,351.0
