,precision,recall,f1-score,support
0,0.5494505494505495,0.7575757575757576,0.6369426751592356,66.0
1,0.7037037037037037,0.4810126582278481,0.5714285714285715,79.0
accuracy,0.6068965517241379,0.6068965517241379,0.6068965517241379,0.6068965517241379
macro avg,0.6265771265771266,0.6192942079018029,0.6041856232939036,145.0
weighted avg,0.6334919231470957,0.6068965517241379,0.6012487841611497,145.0
