,precision,recall,f1-score,support
0,0.6438356164383562,0.4519230769230769,0.5310734463276836,104.0
1,0.43564356435643564,0.6285714285714286,0.5146198830409356,70.0
accuracy,0.5229885057471264,0.5229885057471264,0.5229885057471264,0.5229885057471264
macro avg,0.5397395903973959,0.5402472527472527,0.5228466646843096,174.0
weighted avg,0.5600801931870087,0.5229885057471264,0.5244541967295666,174.0
