,precision,recall,f1-score,support
0,0.9333333333333333,0.631578947368421,0.7533632286995515,133.0
1,0.10909090909090909,0.5,0.1791044776119403,12.0
accuracy,0.6206896551724138,0.6206896551724138,0.6206896551724138,0.6206896551724138
macro avg,0.5212121212121212,0.5657894736842105,0.4662338531557459,145.0
weighted avg,0.8651201671891328,0.6206896551724138,0.7058383665405769,145.0
