,precision,recall,f1-score,support
0,0.36082474226804123,0.4861111111111111,0.4142011834319526,72.0
1,0.5194805194805194,0.39215686274509803,0.446927374301676,102.0
accuracy,0.43103448275862066,0.43103448275862066,0.43103448275862066,0.43103448275862066
macro avg,0.44015263087428036,0.43913398692810457,0.4305642788668143,174.0
weighted avg,0.45382985304776985,0.43103448275862066,0.43338550221765254,174.0
