,precision,recall,f1-score,support
0,0.38,0.5277777777777778,0.4418604651162791,72.0
1,0.5405405405405406,0.39215686274509803,0.4545454545454546,102.0
accuracy,0.4482758620689655,0.4482758620689655,0.4482758620689655,0.4482758620689655
macro avg,0.4602702702702703,0.45996732026143794,0.44820295983086683,174.0
weighted avg,0.4741099720410066,0.4482758620689655,0.44929649340234745,174.0
