,precision,recall,f1-score,support
0,0.6493506493506493,0.5208333333333334,0.5780346820809248,96.0
1,0.3235294117647059,0.4489795918367347,0.3760683760683761,49.0
accuracy,0.496551724137931,0.496551724137931,0.496551724137931,0.496551724137931
macro avg,0.4864400305576776,0.484906462585034,0.4770515290746504,145.0
weighted avg,0.5392455414767788,0.496551724137931,0.5097839993594429,145.0
