,precision,recall,f1-score,support
0,0.6741573033707865,0.625,0.6486486486486487,96.0
1,0.35714285714285715,0.40816326530612246,0.38095238095238093,49.0
accuracy,0.5517241379310345,0.5517241379310345,0.5517241379310345,0.5517241379310345
macro avg,0.5156500802568218,0.5165816326530612,0.5148005148005148,145.0
weighted avg,0.5670282836110035,0.5517241379310345,0.5581857719788755,145.0
