,precision,recall,f1-score,support
0,0.8072289156626506,0.5826086956521739,0.6767676767676767,115.0
1,0.22580645161290322,0.4666666666666667,0.3043478260869565,30.0
accuracy,0.5586206896551724,0.5586206896551724,0.5586206896551724,0.5586206896551724
macro avg,0.516517683637777,0.5246376811594202,0.4905577514273166,145.0
weighted avg,0.6869346127558065,0.5586206896551724,0.5997152938682173,145.0
