,precision,recall,f1-score,support
0,0.632768361581921,0.6787878787878788,0.6549707602339182,165.0
1,0.6954022988505747,0.6505376344086021,0.6722222222222222,186.0
accuracy,0.6638176638176638,0.6638176638176638,0.6638176638176638,0.6638176638176638
macro avg,0.6640853302162478,0.6646627565982405,0.6635964912280702,351.0
weighted avg,0.6659589950063357,0.6638176638176638,0.6641125606037886,351.0
