,precision,recall,f1-score,support
0,0.7796610169491526,0.38016528925619836,0.5111111111111112,121.0
1,0.12790697674418605,0.4583333333333333,0.2,24.0
accuracy,0.3931034482758621,0.3931034482758621,0.3931034482758621,0.3931034482758621
macro avg,0.4537839968466693,0.41924931129476584,0.3555555555555556,145.0
weighted avg,0.6717844861566064,0.3931034482758621,0.459616858237548,145.0
