,precision,recall,f1-score,support
0,0.8888888888888888,0.19834710743801653,0.32432432432432434,121.0
1,0.17796610169491525,0.875,0.29577464788732394,24.0
accuracy,0.3103448275862069,0.3103448275862069,0.3103448275862069,0.3103448275862069
macro avg,0.533427495291902,0.5366735537190083,0.31004948610582417,145.0
weighted avg,0.7712189103188518,0.3103448275862069,0.31959886063820014,145.0
