,precision,recall,f1-score,support
0,0.5149700598802395,0.5972222222222222,0.5530546623794212,144.0
1,0.6847826086956522,0.6086956521739131,0.6445012787723785,207.0
accuracy,0.603988603988604,0.603988603988604,0.603988603988604,0.603988603988604
macro avg,0.5998763342879458,0.6029589371980677,0.5987779705758999,351.0
weighted avg,0.6151159220021496,0.603988603988604,0.6069847182009088,351.0
