,precision,recall,f1-score,support
0,0.6214689265536724,0.6666666666666666,0.6432748538011696,165.0
1,0.6839080459770115,0.6397849462365591,0.6611111111111111,186.0
accuracy,0.6524216524216524,0.6524216524216524,0.6524216524216524,0.6524216524216524
macro avg,0.6526884862653419,0.6532258064516129,0.6521929824561403,351.0
weighted avg,0.6545563231711683,0.6524216524216524,0.6527265457090018,351.0
