,precision,recall,f1-score,support
0,0.5217391304347826,0.5454545454545454,0.5333333333333332,66.0
1,0.6052631578947368,0.5822784810126582,0.5935483870967743,79.0
accuracy,0.5655172413793104,0.5655172413793104,0.5655172413793104,0.5655172413793104
macro avg,0.5635011441647597,0.5638665132336018,0.5634408602150538,145.0
weighted avg,0.567245324706068,0.5655172413793104,0.5661401557285873,145.0
