,precision,recall,f1-score,support
0,0.8308823529411765,0.3923611111111111,0.5330188679245284,288.0
1,0.18604651162790697,0.6349206349206349,0.28776978417266186,63.0
accuracy,0.4358974358974359,0.4358974358974359,0.4358974358974359,0.4358974358974359
macro avg,0.5084644322845417,0.513640873015873,0.4103943260485951,351.0
weighted avg,0.7151425865516153,0.4358974358974359,0.4889998016100907,351.0
