,precision,recall,f1-score,support
0,0.5070422535211268,0.5454545454545454,0.5255474452554744,66.0
1,0.5945945945945946,0.5569620253164557,0.5751633986928104,79.0
accuracy,0.5517241379310345,0.5517241379310345,0.5517241379310345,0.5517241379310345
macro avg,0.5508184240578606,0.5512082853855005,0.5503554219741424,145.0
weighted avg,0.5547431841749472,0.5517241379310345,0.5525795854040919,145.0
