,precision,recall,f1-score,support
0,0.43209876543209874,0.5303030303030303,0.4761904761904762,66.0
1,0.515625,0.4177215189873418,0.46153846153846156,79.0
accuracy,0.4689655172413793,0.4689655172413793,0.4689655172413793,0.4689655172413793
macro avg,0.47386188271604934,0.474012274645186,0.46886446886446886,145.0
weighted avg,0.47760616219667945,0.4689655172413793,0.46820765441455103,145.0
