,precision,recall,f1-score,support
0,0.48333333333333334,0.6041666666666666,0.537037037037037,144.0
1,0.6666666666666666,0.5507246376811594,0.603174603174603,207.0
accuracy,0.5726495726495726,0.5726495726495726,0.5726495726495726,0.5726495726495726
macro avg,0.575,0.5774456521739131,0.57010582010582,351.0
weighted avg,0.5914529914529915,0.5726495726495726,0.5760412427079092,351.0
