,precision,recall,f1-score,support
0,0.5352112676056338,0.5757575757575758,0.5547445255474452,66.0
1,0.6216216216216216,0.5822784810126582,0.6013071895424836,79.0
accuracy,0.5793103448275863,0.5793103448275863,0.5793103448275863,0.5793103448275863
macro avg,0.5784164446136277,0.579018028385117,0.5780258575449644,145.0
weighted avg,0.5822900122074478,0.5793103448275863,0.5801131493792248,145.0
