,precision,recall,f1-score,support
0,0.8518518518518519,0.47586206896551725,0.6106194690265486,145.0
1,0.1827956989247312,0.5862068965517241,0.27868852459016397,29.0
accuracy,0.4942528735632184,0.4942528735632184,0.4942528735632184,0.4942528735632184
macro avg,0.5173237753882916,0.5310344827586206,0.44465399680835627,174.0
weighted avg,0.740342493030665,0.4942528735632184,0.5552976449538178,174.0
