,precision,recall,f1-score,support
0,0.6161616161616161,0.7625,0.6815642458100558,80.0
1,0.7466666666666667,0.5957446808510638,0.6627218934911243,94.0
accuracy,0.6724137931034483,0.6724137931034483,0.6724137931034483,0.6724137931034483
macro avg,0.6814141414141415,0.6791223404255319,0.6721430696505901,174.0
weighted avg,0.6866643445953791,0.6724137931034483,0.671385043982587,174.0
