,precision,recall,f1-score,support
0,0.45454545454545453,0.5769230769230769,0.5084745762711863,52.0
1,0.7215189873417721,0.6129032258064516,0.6627906976744186,93.0
accuracy,0.6,0.6,0.6,0.6
macro avg,0.5880322209436133,0.5949131513647643,0.5856326369728024,145.0
weighted avg,0.625776754890679,0.6,0.6074497437918801,145.0
