,precision,recall,f1-score,support
0,0.6583333333333333,0.683982683982684,0.6709129511677282,231.0
1,0.34234234234234234,0.31666666666666665,0.32900432900432897,120.0
accuracy,0.5584045584045584,0.5584045584045584,0.5584045584045584,0.5584045584045584
macro avg,0.5003378378378378,0.5003246753246753,0.4999586400860286,351.0
weighted avg,0.5503022253022253,0.5584045584045584,0.5540211145306687,351.0
