,precision,recall,f1-score,support
0,0.8554216867469879,0.4797297297297297,0.6147186147186147,148.0
1,0.15384615384615385,0.5384615384615384,0.23931623931623935,26.0
accuracy,0.4885057471264368,0.4885057471264368,0.4885057471264368,0.4885057471264368
macro avg,0.5046339202965708,0.5090956340956341,0.427017427017427,174.0
weighted avg,0.7505885611411162,0.4885057471264368,0.558624006899869,174.0
