,precision,recall,f1-score,support
0,0.8620689655172413,0.5067567567567568,0.6382978723404256,148.0
1,0.16091954022988506,0.5384615384615384,0.24778761061946902,26.0
accuracy,0.5114942528735632,0.5114942528735632,0.5114942528735632,0.5114942528735632
macro avg,0.5114942528735632,0.5226091476091477,0.44304274147994727,174.0
weighted avg,0.7572995111639582,0.5114942528735632,0.5799457642671793,174.0
