,precision,recall,f1-score,support
0,0.8433734939759037,0.5785123966942148,0.6862745098039216,121.0
1,0.1774193548387097,0.4583333333333333,0.2558139534883721,24.0
accuracy,0.5586206896551724,0.5586206896551724,0.5586206896551724,0.5586206896551724
macro avg,0.5103964244073067,0.5184228650137741,0.47104423164614684,145.0
weighted avg,0.733146601980782,0.5586206896551724,0.6150258659999686,145.0
