,precision,recall,f1-score,support
0,0.4666666666666667,0.5833333333333334,0.5185185185185186,72.0
1,0.6428571428571429,0.5294117647058824,0.5806451612903226,102.0
accuracy,0.5517241379310345,0.5517241379310345,0.5517241379310345,0.5517241379310345
macro avg,0.5547619047619048,0.5563725490196079,0.5495818399044206,174.0
weighted avg,0.5699507389162562,0.5517241379310345,0.5549375849709554,174.0
