,precision,recall,f1-score,support
0,0.6029411764705882,0.3942307692307692,0.4767441860465116,104.0
1,0.4056603773584906,0.6142857142857143,0.4886363636363637,70.0
accuracy,0.4827586206896552,0.4827586206896552,0.4827586206896552,0.4827586206896552
macro avg,0.5043007769145393,0.5042582417582417,0.48269027484143767,174.0
weighted avg,0.5235753377473306,0.4827586206896552,0.4815283954217394,174.0
