,precision,recall,f1-score,support
0,0.6530612244897959,0.3076923076923077,0.4183006535947712,104.0
1,0.424,0.7571428571428571,0.5435897435897435,70.0
accuracy,0.4885057471264368,0.4885057471264368,0.4885057471264368,0.4885057471264368
macro avg,0.538530612244898,0.5324175824175824,0.4809451985922574,174.0
weighted avg,0.5609101571663148,0.4885057471264368,0.46870431048930034,174.0
