,precision,recall,f1-score,support
0,0.6039603960396039,0.5865384615384616,0.5951219512195123,104.0
1,0.410958904109589,0.42857142857142855,0.4195804195804196,70.0
accuracy,0.5229885057471264,0.5229885057471264,0.5229885057471264,0.5229885057471264
macro avg,0.5074596500745965,0.507554945054945,0.5073511853999659,174.0
weighted avg,0.5263161176769543,0.5229885057471264,0.5245017948129808,174.0
