,precision,recall,f1-score,support
0,0.6222222222222222,0.5384615384615384,0.577319587628866,104.0
1,0.42857142857142855,0.5142857142857142,0.4675324675324675,70.0
accuracy,0.5287356321839081,0.5287356321839081,0.5287356321839081,0.5287356321839081
macro avg,0.5253968253968254,0.5263736263736263,0.5224260275806668,174.0
weighted avg,0.5443167305236271,0.5287356321839081,0.533152355406177,174.0
