,precision,recall,f1-score,support
0,0.47368421052631576,0.625,0.5389221556886228,144.0
1,0.6645962732919255,0.5169082125603864,0.5815217391304347,207.0
accuracy,0.5612535612535613,0.5612535612535613,0.5612535612535613,0.5612535612535613
macro avg,0.5691402419091206,0.5709541062801933,0.5602219474095287,351.0
weighted avg,0.58627337574706,0.5612535612535613,0.5640449869491785,351.0
