,precision,recall,f1-score,support
0,0.44782608695652176,0.7152777777777778,0.5508021390374332,144.0
1,0.6611570247933884,0.3864734299516908,0.48780487804878053,207.0
accuracy,0.5213675213675214,0.5213675213675214,0.5213675213675214,0.5213675213675214
macro avg,0.5544915558749551,0.5508756038647343,0.5193035085431069,351.0
weighted avg,0.5736366400398022,0.5213675213675214,0.5136499081979714,351.0
