,precision,recall,f1-score,support
0,0.40217391304347827,0.5138888888888888,0.4512195121951219,144.0
1,0.5808383233532934,0.46859903381642515,0.5187165775401069,207.0
accuracy,0.48717948717948717,0.48717948717948717,0.48717948717948717,0.48717948717948717
macro avg,0.49150611819838586,0.491243961352657,0.4849680448676144,351.0
weighted avg,0.5075401037390103,0.48717948717948717,0.49102547380883094,351.0
