,precision,recall,f1-score,support
0,0.4426229508196721,0.5625,0.4954128440366972,144.0
1,0.625,0.5072463768115942,0.56,207.0
accuracy,0.5299145299145299,0.5299145299145299,0.5299145299145299,0.5299145299145299
macro avg,0.5338114754098361,0.5348731884057971,0.5277064220183486,351.0
weighted avg,0.5501786464901219,0.5299145299145299,0.5335027052458245,351.0
