,precision,recall,f1-score,support
0,0.7920792079207921,0.6015037593984962,0.6837606837606838,133.0
1,0.273972602739726,0.4878048780487805,0.3508771929824562,41.0
accuracy,0.5747126436781609,0.5747126436781609,0.5747126436781609,0.5747126436781609
macro avg,0.5330259053302591,0.5446543187236383,0.51731893837157,174.0
weighted avg,0.6699966170447937,0.5747126436781609,0.6053226198416761,174.0
