,precision,recall,f1-score,support
0,0.8490566037735849,0.625,0.72,288.0
1,0.22302158273381295,0.49206349206349204,0.3069306930693069,63.0
accuracy,0.6011396011396012,0.6011396011396012,0.6011396011396012,0.6011396011396012
macro avg,0.5360390932536989,0.558531746031746,0.5134653465346535,351.0
weighted avg,0.7366913435869592,0.6011396011396012,0.6458593551662858,351.0
