,precision,recall,f1-score,support
0,0.5735294117647058,0.5909090909090909,0.5820895522388059,66.0
1,0.6493506493506493,0.6329113924050633,0.6410256410256411,79.0
accuracy,0.6137931034482759,0.6137931034482759,0.6137931034482759,0.6137931034482759
macro avg,0.6114400305576776,0.6119102416570772,0.6115575966322235,145.0
weighted avg,0.614838913621875,0.6137931034482759,0.6141995592330126,145.0
