,precision,recall,f1-score,support
0,0.8709677419354839,0.5472972972972973,0.6721991701244813,148.0
1,0.1728395061728395,0.5384615384615384,0.2616822429906542,26.0
accuracy,0.5459770114942529,0.5459770114942529,0.5459770114942529,0.5459770114942529
macro avg,0.5219036240541617,0.5428794178794178,0.4669407065575677,174.0
weighted avg,0.7666497296950887,0.5459770114942529,0.6108575603228749,174.0
