,precision,recall,f1-score,support
0,0.5212765957446809,0.6805555555555556,0.5903614457831327,72.0
1,0.7125,0.5588235294117647,0.6263736263736264,102.0
accuracy,0.6091954022988506,0.6091954022988506,0.6091954022988506,0.6091954022988506
macro avg,0.6168882978723405,0.6196895424836601,0.6083675360783796,174.0
weighted avg,0.6333730741012472,0.6091954022988506,0.6114720344051462,174.0
