,precision,recall,f1-score,support
0,0.34615384615384615,0.5192307692307693,0.41538461538461535,52.0
1,0.6268656716417911,0.45161290322580644,0.525,93.0
accuracy,0.47586206896551725,0.47586206896551725,0.47586206896551725,0.47586206896551725
macro avg,0.4865097588978186,0.48542183622828783,0.4701923076923077,145.0
weighted avg,0.5261966031909419,0.47586206896551725,0.48568965517241375,145.0
