,precision,recall,f1-score,support
0,0.325,0.5,0.393939393939394,52.0
1,0.6,0.41935483870967744,0.49367088607594933,93.0
accuracy,0.4482758620689655,0.4482758620689655,0.4482758620689655,0.4482758620689655
macro avg,0.4625,0.45967741935483875,0.4438051400076717,145.0
weighted avg,0.5013793103448276,0.4482758620689655,0.4579051095855985,145.0
