,precision,recall,f1-score,support
0,0.6306818181818182,0.6727272727272727,0.6510263929618768,165.0
1,0.6914285714285714,0.6505376344086021,0.670360110803324,186.0
accuracy,0.6609686609686609,0.6609686609686609,0.6609686609686609,0.6609686609686609
macro avg,0.6610551948051948,0.6616324535679374,0.6606932518826004,351.0
weighted avg,0.6628724053724053,0.6609686609686609,0.6612716109633274,351.0
