,precision,recall,f1-score,support
0,0.6084656084656085,0.696969696969697,0.6497175141242938,165.0
1,0.691358024691358,0.6021505376344086,0.6436781609195402,186.0
accuracy,0.6467236467236467,0.6467236467236467,0.6467236467236467,0.6467236467236467
macro avg,0.6499118165784832,0.6495601173020529,0.646697837521917,351.0
weighted avg,0.652391504243356,0.6467236467236467,0.6465171731098089,351.0
