,precision,recall,f1-score,support
0,0.7951807228915663,0.5739130434782609,0.6666666666666667,115.0
1,0.20967741935483872,0.43333333333333335,0.2826086956521739,30.0
accuracy,0.5448275862068965,0.5448275862068965,0.5448275862068965,0.5448275862068965
macro avg,0.5024290711232025,0.5036231884057971,0.4746376811594203,145.0
weighted avg,0.6740421083667262,0.5448275862068965,0.5872063968015993,145.0
