,precision,recall,f1-score,support
0,0.9325842696629213,0.6240601503759399,0.7477477477477478,133.0
1,0.10714285714285714,0.5,0.17647058823529413,12.0
accuracy,0.6137931034482759,0.6137931034482759,0.6137931034482759,0.6137931034482759
macro avg,0.5198635634028892,0.5620300751879699,0.46210916799152096,145.0
weighted avg,0.8642718769026402,0.6137931034482759,0.700469637994993,145.0
