,precision,recall,f1-score,support
0,0.8043478260869565,0.5362318840579711,0.6434782608695652,276.0
1,0.23353293413173654,0.52,0.3223140495867769,75.0
accuracy,0.5327635327635327,0.5327635327635327,0.5327635327635327,0.5327635327635327
macro avg,0.5189403801093465,0.5281159420289856,0.48289615522817103,351.0
weighted avg,0.6823788320794308,0.5327635327635327,0.574853429398884,351.0
