,precision,recall,f1-score,support
0,0.4782608695652174,0.6,0.532258064516129,165.0
1,0.5416666666666666,0.41935483870967744,0.4727272727272728,186.0
accuracy,0.5042735042735043,0.5042735042735043,0.5042735042735043,0.5042735042735043
macro avg,0.509963768115942,0.5096774193548387,0.5024926686217008,351.0
weighted avg,0.511860522730088,0.5042735042735043,0.5007118329698975,351.0
