,precision,recall,f1-score,support
0,0.4752475247524752,0.5818181818181818,0.5231607629427792,165.0
1,0.5369127516778524,0.43010752688172044,0.47761194029850745,186.0
accuracy,0.5014245014245015,0.5014245014245015,0.5014245014245015,0.5014245014245015
macro avg,0.5060801382151638,0.5059628543499511,0.5003863516206434,351.0
weighted avg,0.5079248244907093,0.5014245014245015,0.4990237800030796,351.0
