,precision,recall,f1-score,support
0,0.4639175257731959,0.625,0.5325443786982248,72.0
1,0.6493506493506493,0.49019607843137253,0.5586592178770949,102.0
accuracy,0.5459770114942529,0.5459770114942529,0.5459770114942529,0.5459770114942529
macro avg,0.5566340875619227,0.5575980392156863,0.5456017982876599,174.0
weighted avg,0.5726197016634272,0.5459770114942529,0.5478530775272177,174.0
