,precision,recall,f1-score,support
0,0.4223300970873786,0.6041666666666666,0.49714285714285716,144.0
1,0.6068965517241379,0.4251207729468599,0.5,207.0
accuracy,0.4985754985754986,0.4985754985754986,0.4985754985754986,0.4985754985754986
macro avg,0.5146133244057582,0.5146437198067633,0.49857142857142855,351.0
weighted avg,0.5311769805911085,0.4985754985754986,0.49882783882783877,351.0
