,precision,recall,f1-score,support
0,0.4153846153846154,0.5625,0.47787610619469023,144.0
1,0.5961538461538461,0.4492753623188406,0.5123966942148761,207.0
accuracy,0.49572649572649574,0.49572649572649574,0.49572649572649574,0.49572649572649574
macro avg,0.5057692307692307,0.5058876811594203,0.49513640020478317,351.0
weighted avg,0.5219921104536489,0.49572649572649574,0.49823440169377425,351.0
