,precision,recall,f1-score,support
0,0.6342857142857142,0.6727272727272727,0.6529411764705882,165.0
1,0.6931818181818182,0.6559139784946236,0.6740331491712708,186.0
accuracy,0.6638176638176638,0.6638176638176638,0.6638176638176638,0.6638176638176638
macro avg,0.6637337662337662,0.6643206256109482,0.6634871628209296,351.0
weighted avg,0.6654956154956154,0.6638176638176638,0.6641181192692406,351.0
