,precision,recall,f1-score,support
0,0.6210526315789474,0.7151515151515152,0.6647887323943663,165.0
1,0.7080745341614907,0.6129032258064516,0.6570605187319885,186.0
accuracy,0.6609686609686609,0.6609686609686609,0.6609686609686609,0.6609686609686609
macro avg,0.664563582870219,0.6640273704789834,0.6609246255631773,351.0
weighted avg,0.6671668021782439,0.6609686609686609,0.6606934396843883,351.0
