,precision,recall,f1-score,support
0,0.8426966292134831,0.6302521008403361,0.7211538461538461,119.0
1,0.21428571428571427,0.46153846153846156,0.2926829268292683,26.0
accuracy,0.6,0.6,0.6,0.6
macro avg,0.5284911717495987,0.5458952811893989,0.5069183864915572,145.0
weighted avg,0.730016051364366,0.6,0.6443245778611633,145.0
