,precision,recall,f1-score,support
0,0.4536082474226804,0.5333333333333333,0.49025069637883006,165.0
1,0.5095541401273885,0.43010752688172044,0.4664723032069971,186.0
accuracy,0.47863247863247865,0.47863247863247865,0.47863247863247865,0.47863247863247865
macro avg,0.4815811937750345,0.48172043010752685,0.4783614997929136,351.0
weighted avg,0.4832547888559446,0.47863247863247865,0.4776501803390554,351.0
