,precision,recall,f1-score,support
0,0.4659090909090909,0.49696969696969695,0.48093841642228735,165.0
1,0.5257142857142857,0.4946236559139785,0.5096952908587257,186.0
accuracy,0.49572649572649574,0.49572649572649574,0.49572649572649574,0.49572649572649574
macro avg,0.4958116883116883,0.4957966764418377,0.4953168536405065,351.0
weighted avg,0.4976007326007326,0.49572649572649574,0.4961771020210837,351.0
