,precision,recall,f1-score,support
0,0.6623376623376623,0.53125,0.5895953757225433,96.0
1,0.3382352941176471,0.46938775510204084,0.3931623931623932,49.0
accuracy,0.5103448275862069,0.5103448275862069,0.5103448275862069,0.5103448275862069
macro avg,0.5002864782276547,0.5003188775510204,0.49137888444246824,145.0
weighted avg,0.5528134137667606,0.5103448275862069,0.5232145747194581,145.0
