,precision,recall,f1-score,support
0,0.7066666666666667,0.5520833333333334,0.6198830409356726,96.0
1,0.38571428571428573,0.5510204081632653,0.453781512605042,49.0
accuracy,0.5517241379310345,0.5517241379310345,0.5517241379310345,0.5517241379310345
macro avg,0.5461904761904762,0.5515518707482994,0.5368322767703573,145.0
weighted avg,0.5982068965517242,0.5517241379310345,0.5637521796377353,145.0
