,precision,recall,f1-score,support
0,0.825531914893617,0.6783216783216783,0.7447216890595009,286.0
1,0.20689655172413793,0.36923076923076925,0.2651933701657459,65.0
accuracy,0.6210826210826211,0.6210826210826211,0.6210826210826211,0.6210826210826211
macro avg,0.5162142333088775,0.5237762237762238,0.5049575296126234,351.0
weighted avg,0.7109698106029727,0.6210826210826211,0.6559201485236203,351.0
