,precision,recall,f1-score,support
0,0.7419354838709677,0.71875,0.7301587301587302,96.0
1,0.4807692307692308,0.5102040816326531,0.4950495049504951,49.0
accuracy,0.6482758620689655,0.6482758620689655,0.6482758620689655,0.6482758620689655
macro avg,0.6113523573200993,0.6144770408163265,0.6126041175546126,145.0
weighted avg,0.6536793017883118,0.6482758620689655,0.6507080264676715,145.0
