,precision,recall,f1-score,support
0,0.680327868852459,0.7186147186147186,0.6989473684210527,231.0
1,0.3925233644859813,0.35,0.3700440528634361,120.0
accuracy,0.5925925925925926,0.5925925925925926,0.5925925925925926,0.5925925925925926
macro avg,0.5364256166692202,0.5343073593073593,0.5344957106422443,351.0
weighted avg,0.5819331665049453,0.5925925925925926,0.5865017904526366,351.0
