,precision,recall,f1-score,support
0,0.926829268292683,0.4720496894409938,0.6255144032921811,322.0
1,0.09090909090909091,0.5862068965517241,0.15740740740740738,29.0
accuracy,0.48148148148148145,0.48148148148148145,0.48148148148148145,0.48148148148148145
macro avg,0.508869179600887,0.529128292996359,0.3914609053497943,351.0
weighted avg,0.8577646382524431,0.48148148148148145,0.5868388965096785,351.0
