,precision,recall,f1-score,support
0,0.8076923076923077,0.5478260869565217,0.6528497409326425,115.0
1,0.22388059701492538,0.5,0.30927835051546393,30.0
accuracy,0.5379310344827586,0.5379310344827586,0.5379310344827586,0.5379310344827586
macro avg,0.5157864523536165,0.5239130434782608,0.4810640457240532,145.0
weighted avg,0.6869036778969873,0.5379310344827586,0.5817660049842607,145.0
