,precision,recall,f1-score,support
0,0.7974683544303798,0.5478260869565217,0.6494845360824743,115.0
1,0.21212121212121213,0.4666666666666667,0.29166666666666663,30.0
accuracy,0.5310344827586206,0.5310344827586206,0.5310344827586206,0.5310344827586206
macro avg,0.504794783275796,0.5072463768115942,0.47057560137457044,145.0
weighted avg,0.6763620491250347,0.5310344827586206,0.5754532527550659,145.0
