,precision,recall,f1-score,support
0,0.6538461538461539,0.49038461538461536,0.5604395604395604,104.0
1,0.4479166666666667,0.6142857142857143,0.5180722891566265,70.0
accuracy,0.5402298850574713,0.5402298850574713,0.5402298850574713,0.5402298850574713
macro avg,0.5508814102564102,0.5523351648351649,0.5392559247980935,174.0
weighted avg,0.5710009578544062,0.5402298850574713,0.5433952559004491,174.0
