,precision,recall,f1-score,support
0,0.5616438356164384,0.3942307692307692,0.46327683615819215,104.0
1,0.37623762376237624,0.5428571428571428,0.4444444444444444,70.0
accuracy,0.4540229885057471,0.4540229885057471,0.4540229885057471,0.4540229885057471
macro avg,0.4689407296894073,0.46854395604395604,0.4538606403013183,174.0
weighted avg,0.48705512969813747,0.4540229885057471,0.45570058661817875,174.0
