,precision,recall,f1-score,support
0,0.6580310880829016,0.5497835497835498,0.5990566037735849,231.0
1,0.34177215189873417,0.45,0.3884892086330935,120.0
accuracy,0.5156695156695157,0.5156695156695157,0.5156695156695157,0.5156695156695157
macro avg,0.49990161999081784,0.49989177489177494,0.49377290620333925,351.0
weighted avg,0.5499083748575452,0.5156695156695157,0.5270677507341006,351.0
