,precision,recall,f1-score,support
0,0.6446700507614214,0.5497835497835498,0.5934579439252337,231.0
1,0.3246753246753247,0.4166666666666667,0.364963503649635,120.0
accuracy,0.5042735042735043,0.5042735042735043,0.5042735042735043,0.5042735042735043
macro avg,0.484672687718373,0.4832251082251082,0.47921072378743435,351.0
weighted avg,0.5352701444072002,0.5042735042735043,0.5153401865660546,351.0
