,precision,recall,f1-score,support
0,0.6276595744680851,0.5673076923076923,0.5959595959595959,104.0
1,0.4375,0.5,0.4666666666666667,70.0
accuracy,0.5402298850574713,0.5402298850574713,0.5402298850574713,0.5402298850574713
macro avg,0.5325797872340425,0.5336538461538461,0.5313131313131313,174.0
weighted avg,0.5511585962337979,0.5402298850574713,0.5439451991176129,174.0
