,precision,recall,f1-score,support
0,0.881578947368421,0.5037593984962406,0.6411483253588516,133.0
1,0.043478260869565216,0.25,0.07407407407407408,12.0
accuracy,0.4827586206896552,0.4827586206896552,0.4827586206896552,0.4827586206896552
macro avg,0.4625286041189931,0.3768796992481203,0.3576111997164628,145.0
weighted avg,0.8122188905547226,0.4827586206896552,0.5942180424939045,145.0
