,precision,recall,f1-score,support
0,0.8734177215189873,0.518796992481203,0.6509433962264152,133.0
1,0.030303030303030304,0.16666666666666666,0.05128205128205128,12.0
accuracy,0.4896551724137931,0.4896551724137931,0.4896551724137931,0.4896551724137931
macro avg,0.4518603759110088,0.34273182957393483,0.35111272375423325,145.0
weighted avg,0.8036427125907701,0.4896551724137931,0.601316250437916,145.0
