,precision,recall,f1-score,support
0,0.6632653061224489,0.5627705627705628,0.6088992974238876,231.0
1,0.34838709677419355,0.45,0.39272727272727276,120.0
accuracy,0.5242165242165242,0.5242165242165242,0.5242165242165242,0.5242165242165242
macro avg,0.5058262014483212,0.5063852813852814,0.5008132850755802,351.0
weighted avg,0.5556146362597975,0.5242165242165242,0.5349943317156433,351.0
