,precision,recall,f1-score,support
0,0.639344262295082,0.5064935064935064,0.5652173913043477,231.0
1,0.32142857142857145,0.45,0.375,120.0
accuracy,0.48717948717948717,0.48717948717948717,0.48717948717948717,0.48717948717948717
macro avg,0.4803864168618267,0.47824675324675325,0.47010869565217384,351.0
weighted avg,0.5306551372125143,0.48717948717948717,0.5001858045336305,351.0
