,precision,recall,f1-score,support
0,0.5951219512195122,0.7393939393939394,0.6594594594594595,165.0
1,0.7054794520547946,0.553763440860215,0.6204819277108434,186.0
accuracy,0.6410256410256411,0.6410256410256411,0.6410256410256411,0.6410256410256411
macro avg,0.6503007016371534,0.6465786901270771,0.6399706935851515,351.0
weighted avg,0.6536019943971833,0.6410256410256411,0.6388046990456631,351.0
