,precision,recall,f1-score,support
0,0.8210526315789474,0.5652173913043478,0.6695278969957081,276.0
1,0.2546583850931677,0.5466666666666666,0.3474576271186441,75.0
accuracy,0.5612535612535613,0.5612535612535613,0.5612535612535613,0.5612535612535613
macro avg,0.5378555083360576,0.5559420289855073,0.5084927620571761,351.0
weighted avg,0.7000282199366867,0.5612535612535613,0.6007094632612927,351.0
