,precision,recall,f1-score,support
0,0.8392857142857143,0.5108695652173914,0.6351351351351352,276.0
1,0.26229508196721313,0.64,0.37209302325581395,75.0
accuracy,0.5384615384615384,0.5384615384615384,0.5384615384615384,0.5384615384615384
macro avg,0.5507903981264637,0.5754347826086956,0.5036140791954746,351.0
weighted avg,0.7159971176364619,0.5384615384615384,0.5789295556737417,351.0
