,precision,recall,f1-score,support
0,0.7339449541284404,0.8333333333333334,0.7804878048780488,96.0
1,0.5555555555555556,0.40816326530612246,0.47058823529411764,49.0
accuracy,0.6896551724137931,0.6896551724137931,0.6896551724137931,0.6896551724137931
macro avg,0.644750254841998,0.620748299319728,0.6255380200860832,145.0
weighted avg,0.6736616401279484,0.6896551724137931,0.6757631227427894,145.0
