,precision,recall,f1-score,support
0,0.7222222222222222,0.6770833333333334,0.6989247311827957,96.0
1,0.43636363636363634,0.4897959183673469,0.4615384615384615,49.0
accuracy,0.6137931034482759,0.6137931034482759,0.6137931034482759,0.6137931034482759
macro avg,0.5792929292929293,0.5834396258503401,0.5802315963606286,145.0
weighted avg,0.6256217345872518,0.6137931034482759,0.6187045435098827,145.0
