,precision,recall,f1-score,support
0,0.9390243902439024,0.5789473684210527,0.7162790697674418,133.0
1,0.1111111111111111,0.5833333333333334,0.18666666666666668,12.0
accuracy,0.5793103448275863,0.5793103448275863,0.5793103448275863,0.5793103448275863
macro avg,0.5250677506775068,0.5811403508771931,0.45147286821705424,145.0
weighted avg,0.870507429212223,0.5793103448275863,0.6724490777866879,145.0
