,precision,recall,f1-score,support
0,0.8051948051948052,0.5391304347826087,0.6458333333333333,115.0
1,0.22058823529411764,0.5,0.30612244897959184,30.0
accuracy,0.5310344827586206,0.5310344827586206,0.5310344827586206,0.5310344827586206
macro avg,0.5128915202444615,0.5195652173913043,0.47597789115646255,145.0
weighted avg,0.6842417217670769,0.5310344827586206,0.5755483227773868,145.0
