,precision,recall,f1-score,support
0,0.6847290640394089,0.6017316017316018,0.6405529953917051,231.0
1,0.3783783783783784,0.4666666666666667,0.417910447761194,120.0
accuracy,0.5555555555555556,0.5555555555555556,0.5555555555555556,0.5555555555555556
macro avg,0.5315537212088937,0.5341991341991342,0.5292317215764495,351.0
weighted avg,0.5799937868903386,0.5555555555555556,0.5644358850906757,351.0
