,precision,recall,f1-score,support
0,0.6865671641791045,0.5974025974025974,0.638888888888889,231.0
1,0.38,0.475,0.4222222222222222,120.0
accuracy,0.5555555555555556,0.5555555555555556,0.5555555555555556,0.5555555555555556
macro avg,0.5332835820895523,0.5362012987012987,0.5305555555555556,351.0
weighted avg,0.5817578772802653,0.5555555555555556,0.5648148148148148,351.0
