,precision,recall,f1-score,support
0,0.9512195121951219,0.2484076433121019,0.393939393939394,157.0
1,0.11278195488721804,0.8823529411764706,0.2,17.0
accuracy,0.3103448275862069,0.3103448275862069,0.3103448275862069,0.3103448275862069
macro avg,0.53200073354117,0.5653802922442862,0.296969696969697,174.0
weighted avg,0.8693031991248096,0.3103448275862069,0.3749912922326715,174.0
