,precision,recall,f1-score,support
0,0.935064935064935,0.4585987261146497,0.6153846153846154,157.0
1,0.12371134020618557,0.7058823529411765,0.2105263157894737,17.0
accuracy,0.4827586206896552,0.4827586206896552,0.4827586206896552,0.4827586206896552
macro avg,0.5293881376355603,0.5822405395279131,0.41295546558704455,174.0
weighted avg,0.8557947562568964,0.4827586206896552,0.5758294941598028,174.0
