,precision,recall,f1-score,support
0,0.9306930693069307,0.706766917293233,0.8034188034188035,133.0
1,0.11363636363636363,0.4166666666666667,0.17857142857142858,12.0
accuracy,0.6827586206896552,0.6827586206896552,0.6827586206896552,0.6827586206896552
macro avg,0.5221647164716472,0.5617167919799498,0.490995115995116,145.0
weighted avg,0.8630745833204011,0.6827586206896552,0.7517072965348828,145.0
