,precision,recall,f1-score,support
0,0.8481012658227848,0.5537190082644629,0.67,121.0
1,0.18181818181818182,0.5,0.26666666666666666,24.0
accuracy,0.5448275862068965,0.5448275862068965,0.5448275862068965,0.5448275862068965
macro avg,0.5149597238204833,0.5268595041322315,0.4683333333333334,145.0
weighted avg,0.7378199277806435,0.5448275862068965,0.6032413793103449,145.0
