,precision,recall,f1-score,support
0,0.8148148148148148,0.5454545454545454,0.6534653465346534,121.0
1,0.140625,0.375,0.20454545454545456,24.0
accuracy,0.5172413793103449,0.5172413793103449,0.5172413793103449,0.5172413793103449
macro avg,0.4777199074074074,0.4602272727272727,0.429005400540054,145.0
weighted avg,0.7032247765006385,0.5172413793103449,0.5791613644123033,145.0
