,precision,recall,f1-score,support
0,0.8288770053475936,0.5381944444444444,0.6526315789473685,288.0
1,0.18902439024390244,0.49206349206349204,0.27312775330396477,63.0
accuracy,0.5299145299145299,0.5299145299145299,0.5299145299145299,0.5299145299145299
macro avg,0.508950697795748,0.5151289682539683,0.4628796661256666,351.0
weighted avg,0.7140316641751362,0.5299145299145299,0.5845155076780396,351.0
