,precision,recall,f1-score,support
0,0.8481675392670157,0.5625,0.6764091858037579,288.0
1,0.2125,0.5396825396825397,0.30493273542600896,63.0
accuracy,0.5584045584045584,0.5584045584045584,0.5584045584045584,0.5584045584045584
macro avg,0.5303337696335079,0.5510912698412698,0.4906709606148834,351.0
weighted avg,0.7340733655524232,0.5584045584045584,0.6097339254795465,351.0
