,precision,recall,f1-score,support
0,0.3942307692307692,0.5694444444444444,0.46590909090909094,72.0
1,0.5571428571428572,0.38235294117647056,0.45348837209302323,102.0
accuracy,0.45977011494252873,0.45977011494252873,0.45977011494252873,0.45977011494252873
macro avg,0.47568681318681316,0.4758986928104575,0.4596987315010571,174.0
weighted avg,0.4897309586964759,0.45977011494252873,0.4586279798789823,174.0
