,precision,recall,f1-score,support
0,0.41414141414141414,0.5694444444444444,0.47953216374269003,72.0
1,0.5866666666666667,0.43137254901960786,0.4971751412429378,102.0
accuracy,0.4885057471264368,0.4885057471264368,0.4885057471264368,0.4885057471264368
macro avg,0.5004040404040404,0.5004084967320261,0.4883536524928139,174.0
weighted avg,0.5152769070010449,0.4885057471264368,0.4898745988290423,174.0
