,precision,recall,f1-score,support
0,0.9111111111111111,0.3565217391304348,0.5125,115.0
1,0.26,0.8666666666666667,0.4,30.0
accuracy,0.46206896551724136,0.46206896551724136,0.46206896551724136,0.46206896551724136
macro avg,0.5855555555555556,0.6115942028985507,0.45625,145.0
weighted avg,0.7763984674329502,0.46206896551724136,0.4892241379310345,145.0
