,precision,recall,f1-score,support
0,0.8936170212765957,0.3652173913043478,0.5185185185185185,115.0
1,0.25510204081632654,0.8333333333333334,0.390625,30.0
accuracy,0.46206896551724136,0.46206896551724136,0.46206896551724136,0.46206896551724136
macro avg,0.5743595310464611,0.5992753623188406,0.45457175925925924,145.0
weighted avg,0.7615104735951607,0.46206896551724136,0.49205779054916976,145.0
