,precision,recall,f1-score,support
0,0.8057553956834532,0.3888888888888889,0.5245901639344261,288.0
1,0.16981132075471697,0.5714285714285714,0.2618181818181818,63.0
accuracy,0.42165242165242167,0.42165242165242167,0.42165242165242167,0.42165242165242167
macro avg,0.4877833582190851,0.4801587301587301,0.39320417287630394,351.0
weighted avg,0.6916115873629108,0.42165242165242167,0.47742596201612586,351.0
