,precision,recall,f1-score,support
0,0.8303030303030303,0.4756944444444444,0.6048565121412803,288.0
1,0.1881720430107527,0.5555555555555556,0.28112449799196787,63.0
accuracy,0.49002849002849,0.49002849002849,0.49002849002849,0.49002849002849
macro avg,0.5092375366568915,0.515625,0.4429905050666241,351.0
weighted avg,0.7150487505326215,0.49002849002849,0.5467507660119166,351.0
