,precision,recall,f1-score,support
0,0.6826086956521739,0.6796536796536796,0.6811279826464208,231.0
1,0.3884297520661157,0.39166666666666666,0.39004149377593356,120.0
accuracy,0.5811965811965812,0.5811965811965812,0.5811965811965812,0.5811965811965812
macro avg,0.5355192238591447,0.5356601731601731,0.5355847382111771,351.0
weighted avg,0.5820346978449745,0.5811965811965812,0.5816112343146304,351.0
