,precision,recall,f1-score,support
0,0.8727272727272727,0.34782608695652173,0.4974093264248704,276.0
1,0.25311203319502074,0.8133333333333334,0.38607594936708856,75.0
accuracy,0.4472934472934473,0.4472934472934473,0.4472934472934473,0.4472934472934473
macro avg,0.5629196529611467,0.5805797101449275,0.44174263789597945,351.0
weighted avg,0.7403308540238001,0.4472934472934473,0.4736201432928657,351.0
