,precision,recall,f1-score,support
0,0.8505747126436781,0.6218487394957983,0.7184466019417476,119.0
1,0.22413793103448276,0.5,0.30952380952380953,26.0
accuracy,0.6,0.6,0.6,0.6
macro avg,0.5373563218390804,0.5609243697478992,0.5139852057327785,145.0
weighted avg,0.7382481173206501,0.6,0.6451225150254276,145.0
