,precision,recall,f1-score,support
0,0.875,0.5882352941176471,0.7035175879396985,119.0
1,0.24615384615384617,0.6153846153846154,0.3516483516483517,26.0
accuracy,0.593103448275862,0.593103448275862,0.593103448275862,0.593103448275862
macro avg,0.5605769230769231,0.6018099547511313,0.5275829697940251,145.0
weighted avg,0.7622413793103449,0.593103448275862,0.6404237938460777,145.0
