,precision,recall,f1-score,support
0,0.8050847457627118,0.7142857142857143,0.7569721115537849,133.0
1,0.32142857142857145,0.43902439024390244,0.3711340206185567,41.0
accuracy,0.6494252873563219,0.6494252873563219,0.6494252873563219,0.6494252873563219
macro avg,0.5632566585956417,0.5766550522648084,0.5640530660861708,174.0
weighted avg,0.6911197851437477,0.6494252873563219,0.6660562395518058,174.0
