,precision,recall,f1-score,support
0,0.8333333333333334,0.5978260869565217,0.6962025316455697,276.0
1,0.27450980392156865,0.56,0.368421052631579,75.0
accuracy,0.5897435897435898,0.5897435897435898,0.5897435897435898,0.5897435897435898
macro avg,0.553921568627451,0.5789130434782609,0.5323117921385743,351.0
weighted avg,0.7139265962795375,0.5897435897435898,0.6261637540784777,351.0
