,precision,recall,f1-score,support
0,0.935064935064935,0.5413533834586466,0.6857142857142857,133.0
1,0.10294117647058823,0.5833333333333334,0.17500000000000002,12.0
accuracy,0.5448275862068965,0.5448275862068965,0.5448275862068965,0.5448275862068965
macro avg,0.5190030557677616,0.56234335839599,0.4303571428571429,145.0
weighted avg,0.8661995205605753,0.5448275862068965,0.643448275862069,145.0
