,precision,recall,f1-score,support
0,0.9012345679012346,0.5488721804511278,0.6822429906542057,133.0
1,0.0625,0.3333333333333333,0.10526315789473684,12.0
accuracy,0.5310344827586206,0.5310344827586206,0.5310344827586206,0.5310344827586206
macro avg,0.4818672839506173,0.44110275689223055,0.39375307427447126,145.0
weighted avg,0.8318220519369945,0.5310344827586206,0.6344929355292841,145.0
