,precision,recall,f1-score,support
0,0.3026315789473684,0.4423076923076923,0.359375,52.0
1,0.5797101449275363,0.43010752688172044,0.49382716049382724,93.0
accuracy,0.43448275862068964,0.43448275862068964,0.43448275862068964,0.43448275862068964
macro avg,0.44117086193745236,0.4362076095947064,0.4266010802469136,145.0
weighted avg,0.48034403850706225,0.43448275862068964,0.4456098339719029,145.0
