,precision,recall,f1-score,support
0,0.375,0.5192307692307693,0.435483870967742,52.0
1,0.6575342465753424,0.5161290322580645,0.5783132530120482,93.0
accuracy,0.5172413793103449,0.5172413793103449,0.5172413793103449,0.5172413793103449
macro avg,0.5162671232876712,0.5176799007444168,0.5068985619898951,145.0
weighted avg,0.5562116202172885,0.5172413793103449,0.527091681520297,145.0
