,precision,recall,f1-score,support
0,0.815028901734104,0.5108695652173914,0.6280623608017818,276.0
1,0.24157303370786518,0.5733333333333334,0.3399209486166008,75.0
accuracy,0.5242165242165242,0.5242165242165242,0.5242165242165242,0.5242165242165242
macro avg,0.5283009677209846,0.5421014492753624,0.4839916547091913,351.0
weighted avg,0.6924955966002923,0.5242165242165242,0.5664936829844355,351.0
