,precision,recall,f1-score,support
0,0.8014705882352942,0.3784722222222222,0.5141509433962265,288.0
1,0.16744186046511628,0.5714285714285714,0.2589928057553957,63.0
accuracy,0.4131054131054131,0.4131054131054131,0.4131054131054131,0.4131054131054131
macro avg,0.4844562243502052,0.4749503968253968,0.3865718745758111,351.0
weighted avg,0.6876705601739802,0.4131054131054131,0.46835332894787224,351.0
