,precision,recall,f1-score,support
0,0.8125,0.5416666666666666,0.65,288.0
1,0.16981132075471697,0.42857142857142855,0.24324324324324323,63.0
accuracy,0.5213675213675214,0.5213675213675214,0.5213675213675214,0.5213675213675214
macro avg,0.49115566037735847,0.48511904761904756,0.4466216216216216,351.0
weighted avg,0.6971456216739236,0.5213675213675214,0.576992376992377,351.0
