,precision,recall,f1-score,support
0,0.821256038647343,0.6159420289855072,0.7039337474120083,276.0
1,0.2638888888888889,0.5066666666666667,0.3470319634703196,75.0
accuracy,0.5925925925925926,0.5925925925925926,0.5925925925925926,0.5925925925925926
macro avg,0.542572463768116,0.561304347826087,0.5254828554411639,351.0
weighted avg,0.7021604938271604,0.5925925925925926,0.6276726824672031,351.0
