,precision,recall,f1-score,support
0,0.788235294117647,0.5826086956521739,0.6699999999999999,115.0
1,0.2,0.4,0.26666666666666666,30.0
accuracy,0.5448275862068965,0.5448275862068965,0.5448275862068965,0.5448275862068965
macro avg,0.49411764705882355,0.49130434782608695,0.46833333333333327,145.0
weighted avg,0.6665314401622717,0.5448275862068965,0.586551724137931,145.0
