,precision,recall,f1-score,support
0,0.43119266055045874,0.6527777777777778,0.5193370165745858,72.0
1,0.6153846153846154,0.39215686274509803,0.47904191616766467,102.0
accuracy,0.5,0.5,0.5,0.5
macro avg,0.5232886379675371,0.5224673202614379,0.4991894663711252,174.0
weighted avg,0.5391672547635851,0.5,0.4957157508188044,174.0
