,precision,recall,f1-score,support
0,0.8674698795180723,0.5950413223140496,0.7058823529411765,121.0
1,0.20967741935483872,0.5416666666666666,0.3023255813953488,24.0
accuracy,0.5862068965517241,0.5862068965517241,0.5862068965517241,0.5862068965517241
macro avg,0.5385736494364555,0.5683539944903582,0.5041039671682627,145.0
weighted avg,0.7585938861117439,0.5862068965517241,0.6390867493749706,145.0
