,precision,recall,f1-score,support
0,0.7272727272727273,0.75,0.7384615384615384,96.0
1,0.4782608695652174,0.4489795918367347,0.46315789473684216,49.0
accuracy,0.6482758620689655,0.6482758620689655,0.6482758620689655,0.6482758620689655
macro avg,0.6027667984189724,0.5994897959183674,0.6008097165991902,145.0
weighted avg,0.6431238925991549,0.6482758620689655,0.6454278933407789,145.0
