,precision,recall,f1-score,support
0,0.90625,0.2,0.3276836158192091,145.0
1,0.18309859154929578,0.896551724137931,0.304093567251462,29.0
accuracy,0.3160919540229885,0.3160919540229885,0.3160919540229885,0.3160919540229885
macro avg,0.5446742957746479,0.5482758620689655,0.31588859153533555,174.0
weighted avg,0.7857247652582159,0.3160919540229885,0.3237519410579179,174.0
