,precision,recall,f1-score,support
0,0.868421052631579,0.45517241379310347,0.5972850678733032,145.0
1,0.19387755102040816,0.6551724137931034,0.2992125984251969,29.0
accuracy,0.4885057471264368,0.4885057471264368,0.4885057471264368,0.4885057471264368
macro avg,0.5311493018259936,0.5551724137931034,0.44824883314925,174.0
weighted avg,0.7559971356963839,0.4885057471264368,0.5476063229652854,174.0
