,precision,recall,f1-score,support
0,0.8529411764705882,0.4,0.5446009389671361,145.0
1,0.1792452830188679,0.6551724137931034,0.28148148148148144,29.0
accuracy,0.4425287356321839,0.4425287356321839,0.4425287356321839,0.4425287356321839
macro avg,0.516093229744728,0.5275862068965518,0.4130412102243088,174.0
weighted avg,0.7406585275619681,0.4425287356321839,0.5007476960528604,174.0
