,precision,recall,f1-score,support
0,0.8304093567251462,0.4965034965034965,0.6214442013129102,286.0
1,0.2,0.5538461538461539,0.2938775510204082,65.0
accuracy,0.5071225071225072,0.5071225071225072,0.5071225071225072,0.5071225071225072
macro avg,0.5152046783625731,0.5251748251748252,0.4576608761666592,351.0
weighted avg,0.7136668832575265,0.5071225071225072,0.5607837105180025,351.0
