,precision,recall,f1-score,support
0,0.8390804597701149,0.5104895104895105,0.6347826086956523,286.0
1,0.20903954802259886,0.5692307692307692,0.30578512396694213,65.0
accuracy,0.5213675213675214,0.5213675213675214,0.5213675213675214,0.5213675213675214
macro avg,0.5240600038963569,0.5398601398601399,0.4702838663312972,351.0
weighted avg,0.7224062168539083,0.5213675213675214,0.5738571485607059,351.0
