,precision,recall,f1-score,support
0,0.9202127659574468,0.5372670807453416,0.6784313725490195,322.0
1,0.08588957055214724,0.4827586206896552,0.14583333333333334,29.0
accuracy,0.5327635327635327,0.5327635327635327,0.5327635327635327,0.5327635327635327
macro avg,0.503051168254797,0.5100128507174984,0.41213235294117645,351.0
weighted avg,0.8512800802971799,0.5327635327635327,0.6344275459471537,351.0
