,precision,recall,f1-score,support
0,0.8333333333333334,0.49586776859504134,0.6217616580310881,121.0
1,0.1643835616438356,0.5,0.24742268041237112,24.0
accuracy,0.496551724137931,0.496551724137931,0.496551724137931,0.496551724137931
macro avg,0.4988584474885845,0.49793388429752067,0.4345921692217296,145.0
weighted avg,0.7226106125019682,0.496551724137931,0.5598021031148865,145.0
