,precision,recall,f1-score,support
0,0.8311688311688312,0.5289256198347108,0.6464646464646465,121.0
1,0.16176470588235295,0.4583333333333333,0.2391304347826087,24.0
accuracy,0.5172413793103449,0.5172413793103449,0.5172413793103449,0.5172413793103449
macro avg,0.4964667685255921,0.493629476584022,0.44279754062362764,145.0
weighted avg,0.720370906983483,0.5172413793103449,0.5790438114276196,145.0
