,precision,recall,f1-score,support
0,0.9,0.5413533834586466,0.676056338028169,133.0
1,0.06153846153846154,0.3333333333333333,0.1038961038961039,12.0
accuracy,0.5241379310344828,0.5241379310344828,0.5241379310344828,0.5241379310344828
macro avg,0.4807692307692308,0.4373433583959899,0.38997622096213647,145.0
weighted avg,0.8306100795755968,0.5241379310344828,0.6287051462379292,145.0
