,precision,recall,f1-score,support
0,0.847682119205298,0.4444444444444444,0.5831435079726651,288.0
1,0.2,0.6349206349206349,0.3041825095057034,63.0
accuracy,0.47863247863247865,0.47863247863247865,0.47863247863247865,0.47863247863247865
macro avg,0.523841059602649,0.5396825396825397,0.4436630087391843,351.0
weighted avg,0.73143148242486,0.47863247863247865,0.5330735851709029,351.0
