,precision,recall,f1-score,support
0,0.7865168539325843,0.6086956521739131,0.6862745098039216,115.0
1,0.19642857142857142,0.36666666666666664,0.25581395348837205,30.0
accuracy,0.5586206896551724,0.5586206896551724,0.5586206896551724,0.5586206896551724
macro avg,0.49147271268057785,0.4876811594202899,0.47104423164614684,145.0
weighted avg,0.664429623069685,0.5586206896551724,0.5972137050489803,145.0
