,precision,recall,f1-score,support
0,0.8333333333333334,0.30434782608695654,0.4458598726114649,115.0
1,0.22330097087378642,0.7666666666666667,0.3458646616541354,30.0
accuracy,0.4,0.4,0.4,0.4
macro avg,0.5283171521035599,0.5355072463768116,0.39586226713280015,145.0
weighted avg,0.7071197411003237,0.4,0.4251712082754657,145.0
