,precision,recall,f1-score,support
0,0.9195402298850575,0.6015037593984962,0.7272727272727273,133.0
1,0.08620689655172414,0.4166666666666667,0.14285714285714288,12.0
accuracy,0.5862068965517241,0.5862068965517241,0.5862068965517241,0.5862068965517241
macro avg,0.5028735632183908,0.5090852130325815,0.4350649350649351,145.0
weighted avg,0.8505747126436781,0.5862068965517241,0.6789072995969547,145.0
