,precision,recall,f1-score,support
0,0.8829787234042553,0.5724137931034483,0.694560669456067,145.0
1,0.225,0.6206896551724138,0.3302752293577982,29.0
accuracy,0.5804597701149425,0.5804597701149425,0.5804597701149425,0.5804597701149425
macro avg,0.5539893617021276,0.596551724137931,0.5124179494069325,174.0
weighted avg,0.7733156028368795,0.5804597701149425,0.6338464294396888,174.0
