,precision,recall,f1-score,support
0,0.8571428571428571,0.4864864864864865,0.6206896551724138,148.0
1,0.15555555555555556,0.5384615384615384,0.24137931034482757,26.0
accuracy,0.4942528735632184,0.4942528735632184,0.4942528735632184,0.4942528735632184
macro avg,0.5063492063492063,0.5124740124740125,0.43103448275862066,174.0
weighted avg,0.7523079729976281,0.4942528735632184,0.5640110978993262,174.0
