,precision,recall,f1-score,support
0,0.7978142076502732,0.5104895104895105,0.6226012793176974,286.0
1,0.16666666666666666,0.4307692307692308,0.24034334763948498,65.0
accuracy,0.49572649572649574,0.49572649572649574,0.49572649572649574,0.49572649572649574
macro avg,0.4822404371584699,0.47062937062937066,0.43147231347859116,351.0
weighted avg,0.6809350333940498,0.49572649572649574,0.5518127734513618,351.0
