,precision,recall,f1-score,support
0,0.6290322580645161,0.375,0.4698795180722892,104.0
1,0.41964285714285715,0.6714285714285714,0.5164835164835165,70.0
accuracy,0.4942528735632184,0.4942528735632184,0.4942528735632184,0.4942528735632184
macro avg,0.5243375576036866,0.5232142857142856,0.4931815172779029,174.0
weighted avg,0.5447951427512051,0.4942528735632184,0.48862825306531177,174.0
