,precision,recall,f1-score,support
0,0.8235294117647058,0.4827586206896552,0.608695652173913,145.0
1,0.15730337078651685,0.4827586206896552,0.23728813559322035,29.0
accuracy,0.4827586206896552,0.4827586206896552,0.4827586206896552,0.4827586206896552
macro avg,0.4904163912756113,0.4827586206896552,0.42299189388356667,174.0
weighted avg,0.712491738268341,0.4827586206896552,0.5467943994104641,174.0
