,precision,recall,f1-score,support
0,0.8045977011494253,0.4827586206896552,0.6034482758620691,145.0
1,0.13793103448275862,0.41379310344827586,0.20689655172413793,29.0
accuracy,0.47126436781609193,0.47126436781609193,0.47126436781609193,0.47126436781609193
macro avg,0.47126436781609193,0.4482758620689655,0.4051724137931035,174.0
weighted avg,0.6934865900383143,0.47126436781609193,0.5373563218390806,174.0
