,precision,recall,f1-score,support
0,0.8072289156626506,0.5537190082644629,0.6568627450980393,121.0
1,0.12903225806451613,0.3333333333333333,0.18604651162790697,24.0
accuracy,0.5172413793103449,0.5172413793103449,0.5172413793103449,0.5172413793103449
macro avg,0.4681305868635834,0.4435261707988981,0.42145462836297315,145.0
weighted avg,0.6949756757843387,0.5172413793103449,0.5789345409374657,145.0
