,precision,recall,f1-score,support
0,0.7837837837837838,0.4793388429752066,0.5948717948717949,121.0
1,0.11267605633802817,0.3333333333333333,0.16842105263157894,24.0
accuracy,0.45517241379310347,0.45517241379310347,0.45517241379310347,0.45517241379310347
macro avg,0.44822992006090595,0.40633608815426997,0.3816464237516869,145.0
weighted avg,0.6727038840686242,0.45517241379310347,0.524286844432035,145.0
