,precision,recall,f1-score,support
0,0.547945205479452,0.6060606060606061,0.5755395683453237,66.0
1,0.6388888888888888,0.5822784810126582,0.609271523178808,79.0
accuracy,0.593103448275862,0.593103448275862,0.593103448275862,0.593103448275862
macro avg,0.5934170471841704,0.5941695435366321,0.5924055457620658,145.0
weighted avg,0.5974938329921797,0.593103448275862,0.593917667875291,145.0
