,precision,recall,f1-score,support
0,0.9166666666666666,0.49624060150375937,0.6439024390243901,133.0
1,0.0821917808219178,0.5,0.1411764705882353,12.0
accuracy,0.496551724137931,0.496551724137931,0.496551724137931,0.496551724137931
macro avg,0.4994292237442922,0.4981203007518797,0.3925394548063127,145.0
weighted avg,0.8476066761139978,0.496551724137931,0.6022975312917428,145.0
