,precision,recall,f1-score,support
0,0.9405940594059405,0.7142857142857143,0.811965811965812,133.0
1,0.13636363636363635,0.5,0.21428571428571427,12.0
accuracy,0.696551724137931,0.696551724137931,0.696551724137931,0.696551724137931
macro avg,0.5384788478847884,0.6071428571428572,0.5131257631257631,145.0
weighted avg,0.8740370588783016,0.696551724137931,0.7625026314681487,145.0
