,precision,recall,f1-score,support
0,0.4444444444444444,0.6388888888888888,0.5242165242165242,144.0
1,0.6388888888888888,0.4444444444444444,0.5242165242165242,207.0
accuracy,0.5242165242165242,0.5242165242165242,0.5242165242165242,0.5242165242165242
macro avg,0.5416666666666666,0.5416666666666666,0.5242165242165242,351.0
weighted avg,0.5591168091168092,0.5242165242165242,0.5242165242165242,351.0
